time,low,high,open,close,volume,symbol
1761156000,1063.94,1072.85,1072.85,1067.86,45.41434,BNB-USD
1761159600,1065.26,1076.53,1068.98,1071.53,26.10877,BNB-USD
1761163200,1062.27,1072.15,1071.46,1066.78,71.08341,BNB-USD
1761166800,1045.01,1106.64,1067.13,1059.83,63.08784,BNB-USD
1761170400,1057.17,1072.49,1060.48,1061.0,85.26399,BNB-USD
1761174000,1060.65,1073.66,1063.31,1072.83,65.15122,BNB-USD
1761177600,1069.36,1083.87,1073.04,1081.05,39.58343,BNB-USD
1761181200,1078.49,1088.83,1080.89,1084.7,86.67467,BNB-USD
1761184800,1077.03,1086.33,1084.68,1086.06,59.73999,BNB-USD
1761188400,1085.42,1093.07,1086.98,1087.11,48.99965,BNB-USD
1761192000,1083.41,1090.38,1087.11,1084.86,30.34552,BNB-USD
1761195600,1083.0,1097.91,1085.46,1097.82,20.29508,BNB-USD
1761199200,1095.39,1111.47,1098.75,1111.31,64.85132,BNB-USD
1761202800,1101.55,1112.28,1111.31,1110.97,28.76801,BNB-USD
1761206400,1110.35,1123.91,1110.35,1116.93,41.9648,BNB-USD
1761210000,1099.12,1116.58,1116.58,1100.22,50.41182,BNB-USD
1761213600,1095.42,1104.92,1103.24,1098.16,19.40761,BNB-USD
1761217200,1093.62,1100.34,1099.9,1095.38,7.84034,BNB-USD
1761220800,1088.99,1095.52,1095.52,1093.11,43.98026,BNB-USD
1761224400,1089.0,1095.64,1093.02,1091.13,34.93609,BNB-USD
1761228000,1078.0,1091.01,1091.01,1085.53,83.02759,BNB-USD
1761231600,1084.58,1163.08,1086.13,1130.81,646.95278,BNB-USD
1761235200,1124.76,1141.09,1131.35,1133.04,266.00797,BNB-USD
1761238800,1123.23,1137.35,1131.9,1133.25,298.99734,BNB-USD
1761242400,1106.03,1132.71,1132.71,1110.33,182.91573,BNB-USD
1761246000,1109.08,1120.59,1111.56,1119.1,110.10963,BNB-USD
1761249600,1111.96,1119.2,1118.12,1113.95,129.77282,BNB-USD
1761253200,1113.17,1121.82,1113.51,1118.21,67.65433,BNB-USD
1761256800,1113.61,1121.39,1117.82,1119.25,39.47261,BNB-USD
1761260400,1117.77,1131.05,1118.34,1127.4,122.22374,BNB-USD
1761264000,1127.76,1140.06,1127.76,1137.86,195.72251,BNB-USD
1761267600,1127.11,1142.63,1137.8,1132.81,158.98632,BNB-USD
1761271200,1128.2,1137.77,1132.74,1136.81,46.65948,BNB-USD
1761274800,1130.66,1140.54,1136.81,1136.38,113.29503,BNB-USD
1761278400,1135.1,1143.52,1136.39,1141.3,59.30132,BNB-USD
1761282000,1137.78,1142.39,1140.4,1140.98,95.74192,BNB-USD
1761285600,1134.92,1140.72,1140.72,1138.19,32.63722,BNB-USD
1761289200,1122.67,1138.8,1137.93,1124.88,13.08206,BNB-USD
1761292800,1121.87,1129.44,1124.74,1128.2,24.83385,BNB-USD
1761296400,1127.96,1135.9,1128.2,1129.01,57.58674,BNB-USD
1761300000,1123.94,1130.47,1129.76,1127.5,12.22381,BNB-USD
1761303600,1121.63,1128.11,1126.94,1126.21,90.66515,BNB-USD
1761307200,1123.19,1136.95,1126.44,1126.31,294.62183,BNB-USD
1761310800,1116.24,1130.09,1127.21,1121.55,67.07797,BNB-USD
1761314400,1104.97,1120.58,1120.57,1109.91,67.17332,BNB-USD
1761318000,1104.76,1113.59,1109.22,1104.95,110.26096,BNB-USD
1761321600,1098.57,1104.0,1104.0,1101.67,65.64628,BNB-USD
1761325200,1101.52,1108.03,1101.83,1103.21,51.58096,BNB-USD
1761328800,1103.65,1109.5,1103.65,1109.5,7.94603,BNB-USD
1761332400,1109.59,1114.07,1109.59,1110.58,15.10438,BNB-USD
1761336000,1109.8,1115.26,1110.4,1111.12,71.7087,BNB-USD
1761339600,1109.52,1112.82,1110.9,1111.36,12.96265,BNB-USD
1761343200,1108.35,1112.51,1110.75,1109.99,24.04159,BNB-USD
1761346800,1107.14,1110.55,1109.28,1109.23,17.40267,BNB-USD
1761350400,1101.65,1110.2,1109.21,1104.01,34.07761,BNB-USD
1761354000,1103.08,1111.03,1103.9,1110.89,52.06756,BNB-USD
1761357600,1108.31,1114.44,1110.64,1113.24,81.24674,BNB-USD
1761361200,1112.41,1118.4,1113.33,1117.3,126.81892,BNB-USD
1761364800,1112.72,1119.36,1117.33,1113.43,46.9991,BNB-USD
1761368400,1112.4,1118.28,1113.41,1118.15,32.05003,BNB-USD
1761372000,1114.1,1119.14,1118.15,1115.4,57.88581,BNB-USD
1761375600,1111.53,1118.4,1115.52,1112.86,25.60528,BNB-USD
1761379200,1112.72,1117.69,1112.72,1117.68,7.042,BNB-USD
1761382800,1113.58,1117.91,1117.7,1114.08,25.79119,BNB-USD
1761386400,1110.6,1116.12,1114.2,1116.11,28.06924,BNB-USD
1761390000,1114.2,1118.16,1115.76,1115.97,38.9378,BNB-USD
1761393600,1114.75,1117.68,1115.72,1117.32,45.13141,BNB-USD
1761397200,1111.44,1118.88,1116.84,1115.08,48.69863,BNB-USD
1761400800,1108.4,1115.11,1114.25,1108.4,5.75382,BNB-USD
1761426000,1115.46,1118.69,1116.93,1116.69,22.36483,BNB-USD
1761429600,1115.17,1121.59,1116.26,1119.5,43.48311,BNB-USD
1761433200,1116.1,1119.49,1119.49,1117.56,58.33839,BNB-USD
1761436800,1115.65,1122.39,1117.56,1118.28,69.33431,BNB-USD
1761440400,1118.21,1124.8,1118.21,1120.13,82.22798,BNB-USD
1761444000,1118.59,1124.66,1119.96,1121.91,37.94823,BNB-USD
1761447600,1116.32,1122.4,1121.86,1117.63,37.87048,BNB-USD
1761451200,1117.17,1119.95,1117.63,1118.21,23.75705,BNB-USD
1761454800,1116.36,1121.84,1118.11,1120.64,38.5685,BNB-USD
1761458400,1119.22,1122.34,1120.74,1121.04,24.04044,BNB-USD
1761462000,1119.59,1122.48,1121.16,1121.82,10.29722,BNB-USD
1761465600,1121.34,1125.12,1121.94,1123.8,26.15737,BNB-USD
1761469200,1122.09,1132.46,1123.68,1125.78,56.27669,BNB-USD
1761472800,1121.12,1125.4,1125.04,1124.75,33.22299,BNB-USD
1761476400,1122.98,1136.4,1124.75,1136.4,66.96191,BNB-USD
1761480000,1131.48,1138.83,1136.6,1138.68,40.93861,BNB-USD
1761483600,1133.11,1139.64,1138.8,1134.42,145.89381,BNB-USD
1761487200,1127.1,1136.43,1134.28,1128.5,76.89192,BNB-USD
1761490800,1126.83,1133.82,1128.13,1133.28,77.57232,BNB-USD
1761494400,1125.19,1133.16,1133.16,1125.59,37.73351,BNB-USD
1761498000,1123.93,1128.1,1125.48,1126.58,48.66009,BNB-USD
1761501600,1126.52,1131.0,1126.72,1129.02,43.27302,BNB-USD
1761505200,1124.81,1129.39,1129.39,1127.12,30.14475,BNB-USD
1761508800,1124.13,1127.55,1127.13,1125.6,81.20636,BNB-USD
1761512400,1125.19,1131.69,1125.49,1131.48,10.3564,BNB-USD
1761516000,1131.6,1171.45,1131.6,1141.42,238.88878,BNB-USD
1761519600,1137.27,1145.52,1141.56,1137.86,80.75163,BNB-USD
1761523200,1137.37,1146.66,1138.2,1141.3,191.7071,BNB-USD
1761526800,1139.0,1153.93,1140.13,1151.98,119.86332,BNB-USD
1761530400,1149.81,1163.93,1151.6,1155.15,115.27856,BNB-USD
1761534000,1151.9,1163.54,1155.56,1152.66,98.59362,BNB-USD
1761537600,1140.88,1152.93,1152.93,1145.22,82.42116,BNB-USD
1761541200,1143.15,1154.64,1145.2,1150.94,72.54772,BNB-USD
1761544800,1146.46,1153.3,1150.52,1153.04,77.27845,BNB-USD
1761548400,1152.06,1161.33,1153.28,1156.47,84.92799,BNB-USD
1761552000,1149.48,1158.59,1157.0,1153.08,63.61071,BNB-USD
1761555600,1147.83,1158.88,1152.6,1156.67,184.14139,BNB-USD
1761559200,1150.8,1157.66,1155.71,1157.66,62.23013,BNB-USD
1761562800,1153.79,1179.29,1157.43,1178.94,116.23959,BNB-USD
1761566400,1165.36,1181.83,1179.29,1166.72,72.25474,BNB-USD
1761570000,1140.74,1174.2,1166.54,1153.38,199.70843,BNB-USD
1761573600,1131.61,1155.66,1153.06,1134.98,179.59672,BNB-USD
1761577200,1135.12,1144.76,1135.12,1144.06,109.68166,BNB-USD
1761580800,1144.22,1151.35,1144.22,1147.55,183.41784,BNB-USD
1761584400,1145.98,1151.69,1147.72,1151.09,77.81837,BNB-USD
1761588000,1146.12,1153.73,1150.66,1147.97,71.13792,BNB-USD
1761591600,1142.76,1148.84,1148.31,1144.97,83.16253,BNB-USD
1761595200,1141.26,1147.45,1144.95,1143.81,55.77184,BNB-USD
1761595200,1141.26,1147.45,1144.95,1143.81,55.77184,BNB-USD
1761598800,1136.87,1147.53,1143.8,1143.26,24.81485,BNB-USD
1761602400,1135.79,1145.11,1143.25,1135.95,21.89019,BNB-USD
1761606000,1134.43,1141.84,1135.95,1139.32,47.39163,BNB-USD
1761609600,1136.36,1142.74,1139.19,1140.02,66.42526,BNB-USD
1761613200,1140.16,1147.52,1140.16,1146.47,24.58394,BNB-USD
1761616800,1132.04,1146.73,1146.47,1134.61,111.75124,BNB-USD
1761620400,1133.37,1139.13,1133.9,1138.2,57.06189,BNB-USD
1761624000,1135.82,1143.38,1138.01,1142.2,25.96103,BNB-USD
1761627600,1121.18,1142.53,1142.0,1121.31,110.63562,BNB-USD
1761631200,1122.59,1131.37,1122.59,1131.05,40.93063,BNB-USD
1761634800,1130.1,1135.08,1131.27,1132.56,89.78155,BNB-USD
1761638400,1130.79,1137.48,1132.56,1135.44,17.52068,BNB-USD
1761642000,1131.72,1136.5,1135.32,1135.92,7.19543,BNB-USD
1761645600,1133.28,1140.36,1136.05,1136.27,82.70694,BNB-USD
1761649200,1132.32,1137.24,1135.93,1132.43,21.26282,BNB-USD
1761652800,1132.2,1140.87,1132.44,1140.87,80.46362,BNB-USD
1761656400,1140.86,1147.1,1141.04,1144.69,79.18699,BNB-USD
1761660000,1127.56,1145.78,1144.78,1137.0,113.57934,BNB-USD
1761663600,1131.05,1140.02,1137.4,1135.77,44.50043,BNB-USD
1761667200,1135.01,1146.78,1135.61,1144.11,59.78721,BNB-USD
1761670800,1143.8,1150.23,1143.8,1148.4,88.99082,BNB-USD
1761674400,1140.26,1148.01,1148.01,1145.17,31.52851,BNB-USD
1761678000,1126.86,1145.24,1144.78,1128.26,67.85009,BNB-USD
1761681600,1074.64,1128.67,1127.95,1090.89,462.63932,BNB-USD
1761685200,1084.11,1103.28,1090.8,1100.67,643.32828,BNB-USD
1761688800,1092.85,1106.55,1099.94,1106.5,128.49165,BNB-USD
1761692400,1100.92,1106.2,1106.2,1103.12,56.04147,BNB-USD
1761696000,1100.63,1107.82,1103.04,1100.63,108.28131,BNB-USD
1761699600,1098.42,1107.71,1101.58,1104.63,73.07883,BNB-USD
1761703200,1101.84,1107.01,1104.84,1105.31,98.87674,BNB-USD
1761706800,1101.67,1105.8,1105.32,1103.8,59.15033,BNB-USD
1761710400,1103.49,1110.38,1103.79,1109.52,29.08319,BNB-USD
1761714000,1109.34,1112.84,1109.67,1109.94,55.1119,BNB-USD
1761717600,1108.28,1120.95,1109.92,1120.95,11.5037,BNB-USD
1761721200,1113.61,1120.7,1120.7,1116.99,53.64402,BNB-USD
1761724800,1112.56,1121.39,1116.96,1114.76,213.77683,BNB-USD
1761728400,1112.86,1116.48,1114.91,1116.48,24.36525,BNB-USD
1761732000,1111.1,1119.04,1116.49,1111.56,39.85094,BNB-USD
1761735600,1111.38,1116.49,1111.46,1112.97,59.97843,BNB-USD
1761739200,1111.45,1115.6,1113.63,1114.56,59.22473,BNB-USD
1761742800,1109.93,1118.73,1114.4,1111.45,153.39979,BNB-USD
1761746400,1103.0,1111.97,1111.66,1107.56,120.5969,BNB-USD
1761750000,1096.57,1109.04,1107.84,1099.77,87.76013,BNB-USD
1761753600,1094.97,1102.43,1099.35,1100.48,80.97164,BNB-USD
1761757200,1100.23,1110.1,1100.23,1110.0,68.86078,BNB-USD
1761760800,1081.07,1113.82,1110.12,1108.13,407.26819,BNB-USD
1761764400,1103.07,1113.41,1107.79,1106.6,113.36777,BNB-USD
1761768000,1105.77,1117.56,1106.8,1116.68,52.06311,BNB-USD
1761771600,1115.6,1119.73,1116.96,1116.37,33.31301,BNB-USD
1761775200,1112.54,1116.3,1116.3,1113.22,40.01352,BNB-USD
1761778800,1104.48,1114.9,1114.56,1107.71,37.99764,BNB-USD
1761782400,1104.0,1119.32,1107.4,1116.78,172.29462,BNB-USD
1761786000,1114.1,1119.89,1116.45,1114.1,66.18139,BNB-USD
1761789600,1112.51,1118.2,1113.9,1117.42,25.24144,BNB-USD
1761793200,1116.61,1118.41,1117.78,1118.4,31.52562,BNB-USD
1761796800,1090.6,1118.34,1118.16,1101.0,116.87784,BNB-USD
1761800400,1100.46,1114.86,1100.89,1112.33,28.87586,BNB-USD
1761804000,1109.67,1116.04,1112.54,1114.2,35.50262,BNB-USD
1761807600,1113.36,1118.66,1114.13,1118.66,28.53982,BNB-USD
1761811200,1113.72,1118.41,1118.41,1114.01,23.42737,BNB-USD
1761814800,1108.3,1114.32,1113.63,1110.4,60.32483,BNB-USD
1761818400,1108.86,1129.71,1110.3,1121.25,68.61886,BNB-USD
1761822000,1112.04,1122.01,1121.28,1112.88,18.57769,BNB-USD
1761825600,1094.27,1113.79,1112.64,1097.46,81.7928,BNB-USD
1761829200,1079.47,1103.56,1097.47,1081.4,234.16252,BNB-USD
1761832800,1079.68,1089.65,1080.6,1088.51,74.83791,BNB-USD
1761836400,1075.53,1088.34,1088.34,1076.88,90.14371,BNB-USD
1761840000,1071.85,1083.17,1076.88,1081.37,140.67311,BNB-USD
1761843600,1062.96,1081.01,1081.01,1070.4,94.03391,BNB-USD
1761847200,1063.71,1071.75,1070.28,1066.18,49.18706,BNB-USD
1761850800,1059.03,1067.33,1065.48,1060.8,111.81507,BNB-USD
1761854400,1043.27,1064.71,1060.56,1063.44,154.76804,BNB-USD
1761858000,1062.18,1071.02,1063.39,1070.97,54.67809,BNB-USD
1761861600,1065.16,1071.25,1070.93,1069.92,62.5268,BNB-USD
1761865200,1065.48,1079.04,1069.68,1078.95,71.89878,BNB-USD
1761868800,1075.8,1084.8,1079.03,1081.2,122.76208,BNB-USD
1761872400,1081.03,1088.4,1081.34,1085.16,128.38099,BNB-USD
1761876000,1075.57,1086.12,1085.28,1077.84,75.57624,BNB-USD
1761879600,1077.0,1085.64,1077.6,1085.4,25.17128,BNB-USD
1761883200,1084.43,1099.52,1085.28,1099.03,28.27862,BNB-USD
1761886800,1092.5,1098.86,1098.86,1095.36,47.85501,BNB-USD
1761890400,1092.0,1102.6,1095.64,1094.65,50.95043,BNB-USD
1761894000,1092.52,1098.46,1094.83,1098.46,12.14536,BNB-USD
1761897600,1097.91,1104.38,1098.57,1103.96,60.29618,BNB-USD
1761901200,1088.61,1103.83,1103.83,1090.73,93.46788,BNB-USD
1761904800,1085.41,1092.65,1090.38,1085.76,151.32046,BNB-USD
1761908400,1078.57,1091.69,1085.88,1087.52,241.85172,BNB-USD
1761912000,1078.48,1091.42,1087.38,1079.16,115.94008,BNB-USD
1761915600,1077.8,1083.59,1079.33,1083.59,61.02373,BNB-USD
1761919200,1078.29,1089.82,1082.64,1087.28,87.24669,BNB-USD
1761922800,1082.32,1089.59,1087.2,1084.16,69.25992,BNB-USD
1761926400,1071.92,1086.44,1084.02,1073.19,110.56846,BNB-USD
1761930000,1071.08,1078.83,1072.96,1077.71,42.63815,BNB-USD
1761933600,1074.1,1082.33,1077.71,1080.92,55.84107,BNB-USD
1761937200,1078.76,1092.09,1080.52,1089.21,65.96036,BNB-USD
1761940800,1084.62,1089.46,1089.21,1085.84,51.5247,BNB-USD
1761944400,1083.99,1087.51,1085.98,1086.86,31.71551,BNB-USD
1761948000,1086.04,1089.16,1086.43,1087.19,37.55708,BNB-USD
1761951600,1087.26,1090.29,1087.26,1088.64,69.78741,BNB-USD
1761955200,1085.84,1091.91,1088.5,1091.91,107.56365,BNB-USD
1761958800,1084.85,1093.81,1092.08,1085.0,40.43476,BNB-USD
1761962400,1081.39,1086.32,1084.93,1085.73,68.89796,BNB-USD
1761966000,1085.77,1090.44,1085.77,1089.6,46.63911,BNB-USD
1761969600,1087.76,1090.9,1089.83,1088.91,52.78391,BNB-USD
1761973200,1085.31,1089.48,1089.3,1085.96,16.29656,BNB-USD
1761976800,1083.33,1086.4,1085.83,1085.7,23.10314,BNB-USD
1761980400,1084.4,1087.78,1085.4,1085.9,84.67235,BNB-USD
1761984000,1085.21,1087.0,1085.8,1086.76,12.43289,BNB-USD
1761987600,1085.4,1088.0,1086.67,1087.4,15.288,BNB-USD
1761991200,1086.38,1087.7,1087.39,1087.19,3.29976,BNB-USD
1761994800,1086.68,1088.19,1087.19,1088.11,7.26954,BNB-USD
1761998400,1088.2,1090.69,1088.2,1088.44,18.44777,BNB-USD
1762002000,1082.65,1089.14,1088.8,1084.92,20.24904,BNB-USD
1762005600,1081.98,1085.74,1085.22,1084.27,27.69097,BNB-USD
1762009200,1083.96,1095.52,1083.97,1091.52,142.92364,BNB-USD
1762012800,1090.28,1094.04,1091.64,1091.88,29.87147,BNB-USD
1762016400,1091.6,1097.76,1092.12,1091.88,94.77958,BNB-USD
1762020000,1090.09,1094.18,1092.18,1093.57,99.56824,BNB-USD
1762023600,1092.01,1094.18,1093.57,1094.18,23.34536,BNB-USD
1762027200,1093.44,1096.18,1093.64,1095.36,22.97718,BNB-USD
1762030800,1089.9,1095.96,1095.48,1090.17,30.18887,BNB-USD
1762034400,1089.63,1093.76,1090.17,1093.5,16.15026,BNB-USD
1762038000,1093.28,1095.05,1093.41,1093.88,24.68707,BNB-USD
1762041600,1091.0,1094.09,1094.0,1092.08,21.19719,BNB-USD
1762045200,1091.16,1093.78,1091.91,1091.59,21.79686,BNB-USD
1762048800,1087.81,1091.58,1091.58,1090.32,28.19325,BNB-USD
1762052400,1088.1,1090.7,1090.7,1088.79,29.93249,BNB-USD
1762056000,1087.63,1094.52,1088.46,1094.05,17.38529,BNB-USD
1762059600,1089.8,1093.96,1093.96,1090.81,11.6086,BNB-USD
1762063200,1088.25,1092.0,1090.46,1091.99,35.07582,BNB-USD
1762066800,1091.16,1094.66,1091.73,1094.05,14.6607,BNB-USD
1762070400,1092.0,1094.35,1094.35,1092.01,6.67118,BNB-USD
1762074000,1085.68,1093.01,1092.01,1087.51,26.89476,BNB-USD
1762077600,1080.18,1087.52,1087.52,1084.08,25.5751,BNB-USD
1762081200,1084.1,1087.19,1084.2,1087.19,72.39792,BNB-USD
1762084800,1083.47,1087.2,1086.85,1084.48,44.65422,BNB-USD
1762088400,1081.36,1085.03,1084.45,1082.43,21.658,BNB-USD
1762092000,1080.01,1084.49,1082.4,1081.81,58.55702,BNB-USD
1762095600,1078.08,1084.83,1081.8,1080.66,48.73999,BNB-USD
1762099200,1071.66,1080.52,1080.52,1079.4,55.45781,BNB-USD
1762102800,1077.63,1080.42,1079.12,1078.37,29.99276,BNB-USD
1762106400,1077.52,1080.27,1078.84,1078.31,14.70134,BNB-USD
1762110000,1075.77,1078.68,1078.46,1077.8,34.91756,BNB-USD
1762113600,1077.74,1080.45,1077.79,1080.34,28.10317,BNB-USD
1762117200,1079.17,1081.44,1080.35,1080.3,9.33595,BNB-USD
1762120800,1077.47,1081.11,1080.26,1079.16,35.51603,BNB-USD
1762124400,1079.33,1084.77,1079.33,1083.43,56.15607,BNB-USD
1762128000,1077.29,1086.78,1083.41,1077.29,100.25507,BNB-USD
1762131600,1071.18,1077.8,1077.22,1072.26,37.74301,BNB-USD
1762135200,1053.47,1072.52,1072.52,1060.39,78.09263,BNB-USD
1762138800,1041.31,1062.99,1060.11,1042.24,162.89035,BNB-USD
1762142400,1033.0,1044.25,1042.95,1044.25,82.01908,BNB-USD
1762146000,1037.5,1048.99,1043.98,1038.18,91.36109,BNB-USD
1762149600,1024.56,1041.35,1037.76,1030.95,74.27951,BNB-USD
1762153200,1028.43,1037.21,1031.07,1028.65,73.63031,BNB-USD
1762156800,1017.37,1030.07,1029.11,1024.68,82.74823,BNB-USD
1762160400,1016.64,1031.16,1024.44,1018.32,46.43772,BNB-USD
1762164000,1009.2,1023.85,1018.44,1011.12,78.969,BNB-USD
1762167600,1009.26,1020.46,1011.84,1016.59,128.21084,BNB-USD
1762171200,1016.54,1023.94,1016.82,1016.54,22.16839,BNB-USD
1762174800,1009.6,1019.71,1016.51,1019.71,40.87018,BNB-USD
1762178400,1016.6,1025.38,1018.81,1020.24,110.26468,BNB-USD
1762182000,960.0,1022.46,1020.37,980.26,462.40318,BNB-USD
1762185600,976.92,997.96,980.07,996.38,213.46139,BNB-USD
1762189200,996.24,1025.69,996.65,1008.28,2368.63777,BNB-USD
1762192800,996.53,1008.7,1008.14,997.94,69.88527,BNB-USD
1762196400,994.14,1002.4,998.06,995.95,73.02296,BNB-USD
1762200000,981.41,997.32,995.96,986.4,154.75656,BNB-USD
1762203600,983.52,995.02,986.16,994.63,83.6506,BNB-USD
1762207200,982.93,995.8,994.92,988.62,211.69144,BNB-USD
1762210800,982.61,993.73,988.41,993.73,240.64925,BNB-USD
1762214400,982.39,997.44,993.48,992.4,136.15547,BNB-USD
1762218000,989.76,1000.25,992.4,998.81,77.68337,BNB-USD
1762221600,991.81,999.84,999.0,995.0,42.41735,BNB-USD
1762225200,990.9,999.6,994.6,999.2,54.17962,BNB-USD
1762228800,988.0,1001.29,999.18,988.0,53.73897,BNB-USD
1762232400,947.65,990.18,987.9,947.92,361.90989,BNB-USD
1762236000,947.96,965.7,948.31,952.2,194.56681,BNB-USD
1762239600,939.21,954.69,952.1,944.0,276.65927,BNB-USD
1762243200,939.6,958.08,944.1,949.09,275.67235,BNB-USD
1762246800,943.92,952.55,949.43,951.36,197.06743,BNB-USD
1762250400,950.52,957.72,951.37,951.84,88.59765,BNB-USD
1762254000,951.73,962.4,951.73,958.32,130.08633,BNB-USD
1762257600,947.77,958.2,958.2,948.49,70.59835,BNB-USD
1762261200,941.6,950.66,948.72,947.0,159.96943,BNB-USD
1762264800,935.04,964.66,946.91,961.68,185.90807,BNB-USD
1762268400,948.24,966.24,961.68,949.92,79.96684,BNB-USD
1762272000,928.2,952.68,949.92,929.49,169.13815,BNB-USD
1762275600,910.4,936.32,929.32,925.92,341.31552,BNB-USD
1762279200,908.15,933.1,925.68,932.39,258.42591,BNB-USD
1762282800,917.72,935.19,931.98,919.24,102.69558,BNB-USD
1762286400,889.28,926.16,918.85,920.52,257.80561,BNB-USD
1762290000,880.8,921.6,920.4,917.8,231.48907,BNB-USD
1762293600,914.08,938.56,917.4,936.65,122.61982,BNB-USD
1762297200,933.3,940.77,935.88,936.45,94.61706,BNB-USD
1762300800,923.25,939.68,936.3,929.41,221.95196,BNB-USD
1762304400,900.32,929.4,929.4,923.04,221.26613,BNB-USD
1762308000,923.52,954.54,923.52,950.6,315.05612,BNB-USD
1762311600,944.2,953.54,951.2,948.59,101.56111,BNB-USD
1762315200,943.13,952.0,948.28,946.01,90.1871,BNB-USD
1762318800,943.43,951.15,945.9,946.07,77.63549,BNB-USD
1762322400,940.7,948.96,945.84,948.96,42.6583,BNB-USD
1762326000,944.1,957.0,949.08,952.68,40.75072,BNB-USD
1762329600,937.2,952.56,952.56,943.6,40.49093,BNB-USD
1762333200,942.6,949.8,943.79,945.6,11.89075,BNB-USD
1762336800,937.2,945.4,945.4,938.0,60.3749,BNB-USD
1762340400,938.2,945.98,938.2,944.58,45.60348,BNB-USD
1762344000,944.16,954.38,944.44,952.67,198.90705,BNB-USD
1762347600,951.73,961.21,952.61,957.98,90.80963,BNB-USD
1762351200,949.43,961.59,957.98,956.84,137.32549,BNB-USD
1762354800,952.65,965.0,956.02,963.56,150.47016,BNB-USD
1762358400,957.85,967.38,963.55,966.69,104.24904,BNB-USD
1762362000,959.53,966.69,966.68,962.26,145.58742,BNB-USD
1762365600,959.01,967.87,962.13,965.67,94.64347,BNB-USD
1762369200,958.24,965.65,965.65,959.33,70.85696,BNB-USD
1762372800,954.33,964.43,959.14,957.19,60.9761,BNB-USD
1762376400,951.3,957.2,957.2,953.93,51.46655,BNB-USD
1762380000,952.55,958.36,954.33,958.23,35.4996,BNB-USD
1762383600,955.52,961.42,958.36,958.62,91.35307,BNB-USD
1762387200,951.87,958.63,958.63,954.28,119.48525,BNB-USD
1762390800,944.69,954.34,954.34,951.47,122.10548,BNB-USD
1762394400,947.31,958.57,951.22,957.45,45.95605,BNB-USD
1762398000,957.22,963.84,957.22,963.04,65.23231,BNB-USD
1762401600,959.01,964.99,963.3,959.87,33.55225,BNB-USD
1762405200,949.14,960.05,959.79,950.21,20.15387,BNB-USD
1762408800,949.78,954.55,949.78,950.3,10.5934,BNB-USD
1762412400,947.07,954.05,950.13,950.98,26.83434,BNB-USD
1762416000,949.12,956.67,950.82,952.96,10.28378,BNB-USD
1762419600,950.08,956.32,952.8,952.14,12.81083,BNB-USD
1762423200,949.55,957.52,952.45,955.04,83.05381,BNB-USD
1762426800,951.24,956.51,955.04,954.24,39.10611,BNB-USD
1762430400,943.2,954.72,954.08,943.2,47.07623,BNB-USD
1762434000,942.56,950.61,943.04,946.65,126.77727,BNB-USD
1762437600,934.94,948.3,946.64,936.81,155.97357,BNB-USD
1762441200,927.45,943.2,936.81,933.0,97.09032,BNB-USD
1762444800,925.05,937.54,933.45,930.83,345.18597,BNB-USD
1762448400,931.38,945.0,932.25,943.8,82.40213,BNB-USD
1762452000,938.85,954.45,944.1,950.4,42.09177,BNB-USD
1762455600,943.56,953.97,950.34,947.85,152.95761,BNB-USD
1762459200,943.9,950.46,948.0,947.4,45.76366,BNB-USD
1762462800,945.46,952.98,947.55,952.98,31.73924,BNB-USD
1762466400,948.16,954.02,952.94,952.35,34.25375,BNB-USD
1762470000,944.7,955.93,952.05,950.1,316.52802,BNB-USD
1762473600,944.86,954.2,950.25,952.86,129.03238,BNB-USD
1762477200,944.87,955.23,952.85,952.96,79.57813,BNB-USD
1762480800,948.92,958.25,952.96,958.25,60.53458,BNB-USD
1762484400,957.78,995.3,958.29,967.2,354.62475,BNB-USD
1762488000,958.08,968.0,966.73,961.2,86.51396,BNB-USD
1762491600,961.11,967.92,961.32,967.92,142.58246,BNB-USD
1762495200,959.74,969.3,967.51,963.99,281.1894,BNB-USD
1762495200,959.74,969.3,967.51,963.99,281.1894,BNB-USD
1762498800,963.36,970.44,963.98,969.26,69.39212,BNB-USD
1762502400,963.87,970.43,969.6,965.9,31.85621,BNB-USD
1762506000,953.94,966.16,965.77,956.03,46.65527,BNB-USD
1762509600,947.7,959.01,956.41,949.26,25.92575,BNB-USD
1762513200,936.71,949.29,949.13,942.63,84.7844,BNB-USD
1762516800,929.11,944.31,942.5,931.9,64.21789,BNB-USD
1762520400,931.13,938.7,931.3,934.91,58.71529,BNB-USD
1762524000,925.33,944.72,934.64,943.19,150.66542,BNB-USD
1762527600,938.14,949.2,943.46,944.58,248.0071,BNB-USD
1762531200,937.51,954.13,944.59,950.76,240.793,BNB-USD
1762534800,947.53,969.46,950.04,968.5,278.53954,BNB-USD
1762538400,966.72,981.0,968.51,979.92,187.89407,BNB-USD
1762542000,976.4,989.85,979.68,980.4,524.31019,BNB-USD
1762545600,973.13,988.12,980.29,987.96,134.78553,BNB-USD
1762549200,987.36,995.49,987.83,994.87,65.00411,BNB-USD
1762552800,988.1,1000.0,994.86,990.88,223.01657,BNB-USD
1762556400,986.02,991.52,990.96,990.16,133.25338,BNB-USD
1762560000,979.93,994.56,990.14,980.5,41.34763,BNB-USD
1762563600,979.51,992.04,980.52,989.52,30.3468,BNB-USD
1762567200,989.52,1004.92,989.62,996.85,197.73281,BNB-USD
1762570800,994.8,1006.12,997.08,996.37,63.35384,BNB-USD
1762574400,994.01,1000.74,996.67,994.11,25.37466,BNB-USD
1762578000,988.09,996.72,994.21,988.79,27.51097,BNB-USD
1762581600,984.16,995.07,988.8,994.34,60.08445,BNB-USD
1762585200,988.8,995.97,993.96,995.68,45.57613,BNB-USD
1762588800,994.74,1002.06,994.74,999.12,18.24414,BNB-USD
1762592400,994.44,1001.39,999.12,994.57,18.88778,BNB-USD
1762596000,991.74,996.31,994.56,995.2,36.77177,BNB-USD
1762599600,987.24,998.23,995.3,989.52,38.74562,BNB-USD
1762603200,988.6,993.55,989.52,993.54,16.03713,BNB-USD
1762606800,988.2,994.42,993.72,989.04,56.1059,BNB-USD
1762610400,983.62,994.85,989.04,994.02,40.71983,BNB-USD
1762614000,988.68,998.17,993.7,990.84,69.06732,BNB-USD
1762617600,986.4,994.17,990.84,987.6,200.26662,BNB-USD
1762621200,985.45,995.04,987.87,995.04,64.53443,BNB-USD
1762624800,992.18,1004.67,995.94,1003.78,70.7956,BNB-USD
1762628400,992.41,1005.76,1004.29,996.06,66.97426,BNB-USD
1762632000,994.94,999.45,996.12,996.02,33.33523,BNB-USD
1762635600,994.61,998.64,996.0,998.04,41.30199,BNB-USD
1762639200,995.02,998.28,998.28,995.7,36.95485,BNB-USD
1762642800,990.14,995.7,995.6,991.1,79.40235,BNB-USD
1762646400,985.26,990.95,990.95,988.88,29.35762,BNB-USD
1762650000,988.91,994.19,989.0,993.7,83.65797,BNB-USD
1762653600,982.4,993.87,993.69,983.2,69.81419,BNB-USD
1762657200,975.74,984.9,983.4,981.12,83.74143,BNB-USD
1762660800,981.13,988.32,981.24,987.06,39.84948,BNB-USD
1762664400,985.48,990.23,986.84,988.56,97.83631,BNB-USD
1762668000,986.89,992.99,988.56,987.11,22.40246,BNB-USD
1762671600,986.07,989.52,987.6,988.99,24.36682,BNB-USD
1762675200,985.38,989.4,989.04,987.9,34.28654,BNB-USD
1762678800,987.0,995.1,988.0,987.0,29.93667,BNB-USD
1762682400,982.56,986.88,986.88,986.88,48.40366,BNB-USD
1762686000,987.0,992.55,987.0,990.72,15.3277,BNB-USD
1762689600,988.33,993.96,990.37,988.65,39.10336,BNB-USD
1762693200,977.05,988.32,988.32,985.32,49.17137,BNB-USD
1762696800,983.98,999.11,985.2,987.69,121.43861,BNB-USD
1762700400,987.7,997.79,987.7,994.56,40.55322,BNB-USD
1762704000,991.44,1002.97,994.5,1001.91,200.26983,BNB-USD
1762707600,992.95,1002.96,1001.78,993.6,91.59543,BNB-USD
1762711200,992.74,999.6,993.6,999.47,27.50801,BNB-USD
1762714800,997.56,1005.25,999.6,1004.46,109.93324,BNB-USD
1762718400,998.07,1007.01,1005.03,999.04,122.43008,BNB-USD
1762722000,996.13,1000.83,999.15,996.94,177.57232,BNB-USD
1762725600,991.06,998.34,997.08,997.22,89.97699,BNB-USD
1762729200,994.0,1003.61,997.36,996.66,37.37935,BNB-USD
1762732800,991.62,1018.64,996.52,1013.2,329.02453,BNB-USD
1762736400,1008.08,1015.15,1013.36,1011.0,135.3067,BNB-USD
1762740000,1008.48,1015.01,1010.88,1014.36,60.44246,BNB-USD
1762743600,1011.98,1017.24,1014.48,1013.52,61.71881,BNB-USD
1762747200,1008.96,1014.23,1014.0,1011.25,52.13869,BNB-USD
1762750800,1004.14,1011.52,1011.24,1006.86,93.33875,BNB-USD
1762754400,1003.98,1008.72,1007.03,1008.44,100.41974,BNB-USD
1762758000,1005.48,1012.08,1008.61,1005.73,61.12212,BNB-USD
1762761600,996.45,1006.2,1005.76,997.65,45.89737,BNB-USD
1762765200,997.06,1005.67,997.95,1005.63,40.75396,BNB-USD
1762768800,997.72,1004.85,1004.85,999.05,29.5101,BNB-USD
1762772400,998.84,1001.61,999.44,999.92,16.83133,BNB-USD
1762776000,994.24,999.76,999.76,996.58,34.00777,BNB-USD
1762779600,996.2,1003.4,996.45,1002.96,55.87675,BNB-USD
1762783200,981.81,1002.82,1002.82,983.92,68.00423,BNB-USD
1762786800,976.38,988.59,983.92,979.86,49.37651,BNB-USD
1762790400,976.22,982.54,980.0,980.35,42.63155,BNB-USD
1762794000,979.44,987.7,980.55,986.99,92.53234,BNB-USD
1762797600,982.52,987.54,986.99,982.67,32.29736,BNB-USD
1762801200,982.24,989.38,982.7,988.12,131.00391,BNB-USD
1762804800,986.91,991.85,988.26,988.67,95.63906,BNB-USD
1762808400,983.22,988.4,988.4,986.64,52.21364,BNB-USD
1762812000,985.32,995.12,986.32,995.12,45.3634,BNB-USD
1762815600,991.5,995.89,994.56,992.21,49.16373,BNB-USD
1762819200,986.88,993.48,992.31,993.44,54.1178,BNB-USD
1762822800,992.45,1007.72,993.58,997.9,229.43772,BNB-USD
1762826400,991.54,1007.57,997.97,1003.5,127.10353,BNB-USD
1762830000,997.11,1005.28,1003.8,1001.39,218.92555,BNB-USD
1762833600,986.4,1002.36,1000.45,988.08,312.33132,BNB-USD
1762837200,981.38,988.44,988.2,982.9,125.83349,BNB-USD
1762840800,979.68,985.14,983.04,984.28,50.84251,BNB-USD
1762844400,972.08,985.23,984.1,974.45,114.6439,BNB-USD
1762848000,972.84,978.19,974.16,977.46,61.93861,BNB-USD
1762851600,974.8,980.52,977.56,974.88,89.4394,BNB-USD
1762855200,974.52,979.21,974.76,978.46,76.61885,BNB-USD
1762858800,978.48,982.79,978.48,980.42,57.13826,BNB-USD
1762862400,977.52,984.28,980.29,980.76,109.86219,BNB-USD
1762866000,976.83,983.16,980.64,977.22,85.72948,BNB-USD
1762869600,974.99,984.12,977.33,983.91,128.70359,BNB-USD
1762873200,972.07,983.62,983.62,975.97,165.05357,BNB-USD
1762876800,972.91,977.6,975.8,974.78,155.96626,BNB-USD
1762880400,962.01,977.16,974.95,967.43,659.02762,BNB-USD
1762884000,964.68,969.0,967.44,967.05,60.94343,BNB-USD
1762887600,960.58,967.44,967.32,961.31,151.33945,BNB-USD
1762891200,957.11,963.36,961.31,960.42,136.58857,BNB-USD
1762894800,956.6,962.47,960.38,958.68,119.24541,BNB-USD
1762898400,955.81,964.9,958.56,964.18,39.82681,BNB-USD
1762902000,956.43,964.55,964.18,957.82,62.77991,BNB-USD
1762905600,955.0,962.13,958.07,955.56,102.6063,BNB-USD
1762909200,955.0,965.02,955.88,963.58,83.75497,BNB-USD
1762912800,957.74,964.76,962.92,960.57,104.73804,BNB-USD
1762916400,960.31,962.47,960.52,960.57,40.41812,BNB-USD
1762920000,957.43,962.05,960.54,959.28,53.12617,BNB-USD
1762923600,957.48,962.35,959.42,957.97,46.7445,BNB-USD
1762927200,957.64,961.48,958.11,957.9,54.54717,BNB-USD
1762930800,951.9,959.39,957.75,953.1,32.64166,BNB-USD
1762934400,953.24,964.38,953.24,963.82,57.49859,BNB-USD
1762938000,963.66,968.99,963.82,966.49,81.55399,BNB-USD
1762941600,967.08,972.9,967.08,972.31,52.98466,BNB-USD
1762945200,968.52,975.0,972.12,971.28,62.74836,BNB-USD
1762948800,970.2,974.88,971.04,973.13,70.5906,BNB-USD
1762952400,970.44,978.12,973.3,976.3,47.60345,BNB-USD
1762956000,959.41,976.17,976.17,965.9,140.42264,BNB-USD
1762959600,946.4,968.93,966.03,948.87,227.18317,BNB-USD
1762963200,937.96,951.28,949.0,942.66,233.7074,BNB-USD
1762966800,941.25,952.12,942.97,949.9,214.92125,BNB-USD
1762970400,949.36,954.74,950.16,951.14,80.08262,BNB-USD
1762974000,942.46,950.95,950.85,948.87,145.94166,BNB-USD
1762977600,946.92,955.11,948.74,953.16,64.17621,BNB-USD
1762981200,953.29,957.44,953.29,955.24,48.5936,BNB-USD
1762984800,952.17,957.13,955.12,957.13,30.82261,BNB-USD
1762988400,951.34,956.02,956.02,953.24,46.96894,BNB-USD
1762992000,951.86,956.41,953.19,952.9,77.9874,BNB-USD
1762995600,952.38,959.51,952.9,955.22,64.82826,BNB-USD
1762999200,953.35,956.73,955.4,955.19,33.3373,BNB-USD
1763002800,946.66,963.35,955.11,960.05,85.02812,BNB-USD
1763006400,957.19,962.52,959.92,961.61,40.89723,BNB-USD
1763010000,959.27,970.72,961.48,968.63,73.00282,BNB-USD
1763013600,966.68,970.84,968.84,968.09,153.67716,BNB-USD
1763017200,963.37,969.4,968.11,964.73,36.54279,BNB-USD
1763020800,964.21,967.78,964.48,965.99,12.00704,BNB-USD
1763024400,959.37,965.06,964.89,960.86,25.99961,BNB-USD
1763028000,960.83,965.92,960.83,963.95,25.59349,BNB-USD
1763031600,963.11,967.07,963.94,966.9,29.79372,BNB-USD
1763035200,964.48,967.46,966.69,965.51,63.5766,BNB-USD
1763038800,957.06,966.03,965.33,959.66,53.66743,BNB-USD
1763042400,952.64,967.18,959.79,963.68,83.15314,BNB-USD
1763046000,953.82,965.64,963.45,957.23,92.93179,BNB-USD
1763049600,945.0,958.86,957.23,946.41,175.33292,BNB-USD
1763053200,930.0,945.99,945.97,930.19,220.27074,BNB-USD
1763056800,913.68,932.45,930.19,916.68,247.44875,BNB-USD
1763060400,910.9,923.7,916.49,912.96,117.82649,BNB-USD
1763064000,905.76,918.21,912.84,913.8,113.46441,BNB-USD
1763067600,909.36,918.12,913.8,914.4,339.49289,BNB-USD
1763071200,911.64,924.46,914.28,922.86,115.77501,BNB-USD
1763074800,920.01,948.16,922.04,926.38,406.37011,BNB-USD
1763078400,918.96,928.62,926.24,920.78,87.24529,BNB-USD
1763082000,918.69,925.8,920.36,921.17,142.28531,BNB-USD
1763085600,921.0,932.85,921.19,930.04,161.45705,BNB-USD
1763089200,919.87,931.08,929.73,923.36,189.76382,BNB-USD
1763092800,899.66,923.69,923.26,913.8,182.6383,BNB-USD
1763096400,911.76,919.32,913.44,919.04,77.92482,BNB-USD
1763100000,906.88,923.36,918.9,922.94,243.75714,BNB-USD
1763103600,917.92,926.32,922.4,922.24,81.58523,BNB-USD
1763107200,915.09,922.42,922.13,919.06,69.25287,BNB-USD
1763110800,909.48,921.58,919.05,910.36,79.66628,BNB-USD
1763114400,910.14,917.18,910.69,912.45,37.64469,BNB-USD
1763118000,904.64,914.54,912.23,908.17,62.76243,BNB-USD
1763121600,887.6,908.6,908.6,905.3,145.94431,BNB-USD
1763125200,896.07,909.04,905.19,904.61,126.31157,BNB-USD
1763128800,904.14,926.99,905.21,923.36,326.31433,BNB-USD
1763132400,917.41,930.22,923.35,924.6,163.93686,BNB-USD
1763136000,921.24,932.76,924.53,930.61,78.09051,BNB-USD
1763139600,920.28,931.56,930.6,922.08,113.24788,BNB-USD
1763143200,918.12,926.52,921.84,920.27,38.42664,BNB-USD
1763146800,919.32,931.94,920.27,930.84,113.9704,BNB-USD
1763150400,913.68,932.64,930.96,918.35,109.09416,BNB-USD
1763154000,916.53,927.05,918.66,924.96,268.09282,BNB-USD
1763157600,919.8,928.0,924.67,921.36,48.07466,BNB-USD
1763161200,907.3,921.78,921.48,915.39,139.24962,BNB-USD
1763164800,915.48,925.11,915.48,921.23,177.18685,BNB-USD
1763168400,918.73,929.04,921.24,927.67,67.95337,BNB-USD
1763172000,926.03,935.04,927.36,935.04,111.05935,BNB-USD
1763175600,928.85,934.8,934.8,931.32,156.27101,BNB-USD
1763179200,926.39,933.07,931.22,927.09,41.63208,BNB-USD
1763182800,926.77,931.85,927.17,931.19,33.5324,BNB-USD
1763186400,930.0,934.97,931.26,931.68,50.39953,BNB-USD
1763190000,930.96,935.99,931.56,935.76,38.43328,BNB-USD
1763193600,930.1,938.16,935.52,932.04,147.48379,BNB-USD
1763197200,930.25,937.8,931.93,934.2,68.7695,BNB-USD
1763200800,929.77,936.55,934.12,936.13,49.29063,BNB-USD
1763204400,928.54,936.72,936.12,929.88,26.28642,BNB-USD
1763208000,928.56,934.54,929.98,933.96,23.09967,BNB-USD
1763211600,932.79,937.32,933.84,935.76,64.53761,BNB-USD
1763215200,933.82,937.01,936.16,935.87,74.98174,BNB-USD
1763218800,934.46,937.44,935.83,936.13,58.84534,BNB-USD
1763222400,930.73,936.24,936.13,936.24,58.89398,BNB-USD
1763226000,935.6,940.8,936.36,940.2,34.93781,BNB-USD
1763229600,939.52,942.37,940.11,940.71,39.85512,BNB-USD
1763233200,940.38,944.51,940.45,940.38,36.44251,BNB-USD
1763236800,930.96,940.85,940.85,932.5,47.43732,BNB-USD
1763240400,925.37,933.41,932.13,926.98,71.25286,BNB-USD
1763244000,926.24,931.98,926.66,931.65,63.32065,BNB-USD
1763247600,930.72,935.74,931.19,931.43,54.8255,BNB-USD
1763251200,927.36,932.54,931.42,929.1,136.6881,BNB-USD
1763254800,921.23,929.4,929.0,927.26,103.67846,BNB-USD
1763258400,924.78,939.3,927.18,938.52,96.61011,BNB-USD
1763262000,936.24,940.71,938.4,940.54,28.22823,BNB-USD
1763265600,937.2,940.8,940.56,940.34,39.10158,BNB-USD
1763269200,940.34,944.27,940.34,942.97,91.64522,BNB-USD
1763272800,942.24,947.52,942.96,942.43,100.46923,BNB-USD
1763276400,940.11,942.96,942.12,942.96,13.36754,BNB-USD
1763280000,941.04,944.71,943.08,944.1,88.07925,BNB-USD
1763283600,941.4,948.6,944.18,948.01,37.79139,BNB-USD
1763287200,946.2,948.74,948.0,946.92,25.111,BNB-USD
1763290800,930.12,947.28,947.04,931.2,46.76802,BNB-USD
1763294400,927.96,936.84,931.2,932.04,56.37533,BNB-USD
1763298000,925.44,933.37,932.16,929.28,68.68721,BNB-USD
1763301600,928.69,938.28,929.52,935.52,42.16182,BNB-USD
1763305200,921.61,935.39,935.28,922.56,75.3171,BNB-USD
1763308800,912.72,926.92,922.68,913.84,224.51959,BNB-USD
1763312400,908.06,918.72,913.92,915.24,94.63701,BNB-USD
1763316000,912.66,929.74,915.12,915.32,220.49649,BNB-USD
1763319600,915.46,925.87,915.46,919.38,86.69577,BNB-USD
1763323200,918.17,925.25,919.32,919.52,31.84016,BNB-USD
1763326800,910.69,919.94,919.38,914.45,82.75297,BNB-USD
1763330400,910.56,923.35,914.34,921.92,877.96874,BNB-USD
1763334000,910.28,931.12,921.9,926.11,604.38591,BNB-USD
1763337600,919.2,937.4,926.1,934.9,200.82199,BNB-USD
1763341200,928.41,935.5,935.1,928.41,51.99549,BNB-USD
1763344800,927.21,934.43,928.59,929.76,66.19667,BNB-USD
1763348400,929.57,938.84,929.88,934.18,86.11272,BNB-USD
1763352000,930.33,936.3,934.18,932.46,49.91568,BNB-USD
1763355600,931.14,934.5,932.4,933.56,14.15145,BNB-USD
1763359200,929.7,934.2,933.72,933.45,24.76281,BNB-USD
1763362800,933.13,936.96,933.6,934.91,21.57571,BNB-USD
1763366400,933.96,937.86,934.92,934.68,94.91991,BNB-USD
1763370000,933.24,936.72,934.57,935.82,13.2109,BNB-USD
1763373600,931.81,935.69,935.69,933.6,33.88801,BNB-USD
1763377200,930.65,937.68,933.24,932.88,104.33487,BNB-USD
1763380800,928.83,933.8,933.0,930.52,52.52494,BNB-USD
1763384400,901.08,930.35,930.31,905.24,181.48209,BNB-USD
1763388000,901.26,932.76,905.25,918.28,275.33713,BNB-USD
1763391600,907.8,922.2,918.6,911.16,138.36208,BNB-USD
1763395200,900.22,920.98,911.16,920.2,315.40851,BNB-USD
1763395200,900.22,920.98,911.16,920.2,315.40851,BNB-USD
1763398800,907.56,921.84,920.16,909.96,357.49028,BNB-USD
1763402400,904.48,914.76,910.08,907.69,474.1306,BNB-USD
1763406000,892.28,908.88,907.68,896.28,321.16483,BNB-USD
1763409600,890.51,904.08,894.6,901.08,130.60462,BNB-USD
1763413200,896.64,904.68,901.44,901.44,90.8881,BNB-USD
1763416800,899.82,909.59,901.21,905.88,131.73231,BNB-USD
1763420400,902.65,907.32,905.76,906.13,98.53834,BNB-USD
1763424000,897.12,914.04,906.12,913.38,657.2064,BNB-USD
1763427600,908.32,917.44,913.7,911.17,269.33405,BNB-USD
1763431200,899.87,917.04,910.99,902.39,155.1096,BNB-USD
1763434800,883.52,904.21,902.11,902.1,972.55885,BNB-USD
1763438400,892.0,907.09,902.4,905.53,332.52574,BNB-USD
1763442000,901.21,912.35,905.53,909.72,183.82809,BNB-USD
1763445600,901.86,910.4,909.6,901.95,125.92139,BNB-USD
1763449200,899.59,911.99,901.8,909.31,97.26691,BNB-USD
1763452800,909.3,916.05,909.31,914.36,47.73825,BNB-USD
1763456400,911.11,923.85,914.11,919.86,89.1476,BNB-USD
1763460000,916.38,922.56,919.65,917.95,55.00062,BNB-USD
1763463600,913.84,919.05,918.18,914.38,110.40884,BNB-USD
1763467200,911.76,918.15,914.5,916.2,78.32924,BNB-USD
1763470800,910.07,916.56,916.08,915.22,47.34795,BNB-USD
1763474400,913.44,923.9,915.53,913.6,143.0715,BNB-USD
1763478000,911.0,926.3,913.74,925.1,252.82727,BNB-USD
1763481600,923.52,938.28,925.18,936.5,308.2432,BNB-USD
1763485200,930.0,936.73,936.4,933.23,123.16816,BNB-USD
1763488800,933.12,938.0,933.3,934.2,82.81119,BNB-USD
1763492400,932.88,938.0,934.4,934.8,75.40556,BNB-USD
1763496000,933.42,936.68,934.95,933.45,26.99163,BNB-USD
1763499600,928.28,934.25,933.3,928.35,35.96218,BNB-USD
1763503200,928.2,935.06,928.2,934.3,27.99659,BNB-USD
1763506800,931.31,934.44,933.88,932.19,29.51389,BNB-USD
1763510400,924.6,932.39,932.39,930.6,144.62195,BNB-USD
1763514000,928.39,935.33,930.45,934.6,76.7036,BNB-USD
1763517600,933.16,940.35,934.49,938.02,124.59248,BNB-USD
1763521200,929.6,938.55,938.0,931.5,70.04314,BNB-USD
1763524800,923.4,932.02,931.6,924.79,124.40573,BNB-USD
1763528400,912.32,925.6,924.87,917.8,125.52172,BNB-USD
1763532000,916.69,925.74,917.5,924.0,76.44864,BNB-USD
1763535600,923.42,931.84,923.9,930.42,68.57581,BNB-USD
1763539200,924.0,933.26,930.64,924.97,66.90444,BNB-USD
1763542800,918.91,924.9,924.9,923.45,52.81136,BNB-USD
1763546400,921.38,924.97,923.27,921.83,27.30891,BNB-USD
1763550000,919.87,924.11,921.74,920.56,20.62027,BNB-USD
1763553600,919.87,924.46,920.89,924.05,32.38494,BNB-USD
1763557200,915.57,923.79,923.78,917.1,24.95537,BNB-USD
1763560800,910.1,919.19,917.25,916.32,202.66216,BNB-USD
1763564400,892.08,923.07,916.36,893.76,215.50763,BNB-USD
1763568000,883.92,898.44,893.52,886.92,180.12771,BNB-USD
1763571600,876.48,889.92,887.04,883.9,312.86028,BNB-USD
1763575200,871.55,884.22,883.2,876.11,92.82723,BNB-USD
1763578800,873.36,879.44,876.02,877.56,122.38692,BNB-USD
1763582400,875.52,887.4,877.49,886.23,103.82963,BNB-USD
1763586000,884.39,898.31,885.98,896.16,216.44347,BNB-USD
1763589600,889.44,896.04,896.04,892.18,92.17002,BNB-USD
1763593200,891.36,900.12,892.4,896.16,96.20896,BNB-USD
1763596800,893.04,905.76,896.2,899.64,69.3349,BNB-USD
1763600400,899.42,908.74,899.72,907.81,126.36461,BNB-USD
1763604000,907.2,914.8,907.64,910.99,154.80698,BNB-USD
1763607600,908.28,913.07,910.68,909.06,53.45729,BNB-USD
1763611200,904.57,911.28,909.23,911.28,34.12024,BNB-USD
1763614800,907.11,913.22,911.04,907.43,20.4561,BNB-USD
1763618400,898.94,908.98,907.44,902.92,68.31061,BNB-USD
1763622000,902.04,907.73,902.64,906.61,25.1672,BNB-USD
1763625600,904.06,907.62,906.44,905.54,10.17309,BNB-USD
1763629200,897.75,905.66,905.31,900.24,40.06366,BNB-USD
1763632800,896.25,900.72,900.36,900.23,25.0043,BNB-USD
1763636400,898.92,902.37,900.22,901.75,18.99085,BNB-USD
1763640000,898.32,903.24,901.44,902.55,37.01995,BNB-USD
1763643600,896.14,907.75,902.28,898.52,146.69179,BNB-USD
1763647200,889.93,902.34,898.38,897.3,216.25553,BNB-USD
1763650800,887.92,897.54,897.54,888.76,65.45241,BNB-USD
1763654400,875.89,889.1,888.92,878.56,191.23111,BNB-USD
1763658000,868.57,881.34,877.88,877.92,200.06457,BNB-USD
1763661600,871.69,881.88,877.8,872.76,232.82288,BNB-USD
1763665200,867.0,880.44,872.4,878.88,154.06873,BNB-USD
1763668800,873.27,881.28,878.76,873.27,236.38654,BNB-USD
1763672400,873.6,881.34,873.6,876.51,170.62971,BNB-USD
1763676000,875.28,882.66,876.48,879.24,61.77657,BNB-USD
1763679600,864.7,879.31,879.3,865.37,93.15401,BNB-USD
1763683200,863.31,871.5,865.2,867.6,187.2894,BNB-USD
1763686800,866.4,876.26,867.7,870.7,128.0831,BNB-USD
1763690400,855.35,871.32,870.81,857.4,758.04694,BNB-USD
1763694000,855.95,866.5,857.2,862.6,242.50582,BNB-USD
1763697600,855.33,865.1,862.5,863.0,281.13163,BNB-USD
1763701200,859.5,865.96,863.2,861.05,80.93141,BNB-USD
1763704800,850.22,861.6,860.98,851.29,200.46284,BNB-USD
1763708400,807.03,852.44,851.56,830.62,662.06094,BNB-USD
1763712000,827.12,838.32,830.48,829.31,164.64634,BNB-USD
1763715600,811.73,834.31,829.48,811.8,390.52198,BNB-USD
1763719200,804.44,817.43,811.7,811.08,537.71068,BNB-USD
1763722800,806.96,820.96,810.96,808.12,275.48533,BNB-USD
1763726400,789.6,821.4,808.05,817.23,466.97982,BNB-USD
1763730000,814.56,827.41,816.72,821.76,220.36119,BNB-USD
1763733600,815.89,830.52,821.68,827.87,331.2051,BNB-USD
1763737200,810.6,829.2,828.12,813.75,257.45901,BNB-USD
1763740800,807.27,827.91,813.05,827.19,234.8229,BNB-USD
1763744400,825.9,835.6,827.45,831.0,125.61839,BNB-USD
1763748000,814.5,831.6,831.45,828.13,211.04517,BNB-USD
1763751600,823.05,829.38,827.92,825.0,86.29347,BNB-USD
1763755200,815.8,825.91,825.15,822.94,116.17083,BNB-USD
1763758800,819.85,835.49,822.8,833.29,194.88268,BNB-USD
1763762400,816.5,835.5,833.3,816.5,60.84088,BNB-USD
1763766000,813.25,833.03,816.5,830.48,117.51703,BNB-USD
1763769600,829.38,839.0,830.2,835.09,151.1367,BNB-USD
1763773200,833.74,841.36,834.97,841.32,116.94656,BNB-USD
1763776800,831.43,841.92,841.35,835.56,94.88628,BNB-USD
1763780400,833.11,837.76,835.52,835.91,42.20767,BNB-USD
1763784000,824.66,836.64,836.01,829.19,70.67692,BNB-USD
1763787600,819.15,829.91,829.2,823.45,115.5498,BNB-USD
1763791200,820.02,832.56,823.92,831.36,41.84083,BNB-USD
1763794800,829.17,833.76,831.01,831.0,8.38445,BNB-USD
1763798400,813.54,830.88,830.88,814.92,260.4326,BNB-USD
1763802000,813.12,822.1,815.04,816.72,115.36563,BNB-USD
1763805600,813.96,820.32,816.84,820.08,212.15161,BNB-USD
1763809200,818.42,831.63,820.2,825.3,150.52793,BNB-USD
1763812800,818.58,825.36,825.17,820.33,39.27309,BNB-USD
1763816400,814.94,822.5,820.26,818.3,68.82874,BNB-USD
1763820000,818.44,828.5,818.44,824.36,83.79858,BNB-USD
1763823600,818.53,825.83,824.33,822.4,40.49767,BNB-USD
1763827200,822.38,830.2,822.51,829.21,62.51534,BNB-USD
1763830800,826.2,829.47,829.2,827.47,40.17868,BNB-USD
1763834400,826.8,833.0,827.73,831.92,29.25079,BNB-USD
1763838000,830.7,833.68,831.9,832.3,31.82534,BNB-USD
1763841600,825.5,833.56,832.16,827.32,77.53258,BNB-USD
1763845200,826.69,829.65,827.34,829.51,70.78491,BNB-USD
1763848800,827.31,840.69,829.29,837.59,65.42,BNB-USD
1763852400,832.56,838.56,837.42,833.04,54.08836,BNB-USD
1763856000,832.8,838.92,833.44,835.52,208.36327,BNB-USD
1763859600,834.56,842.94,835.65,841.12,111.04685,BNB-USD
1763863200,840.71,849.48,840.93,844.63,176.27701,BNB-USD
1763866800,841.3,846.3,844.6,846.25,178.27188,BNB-USD
1763870400,845.4,853.89,846.4,848.31,201.02592,BNB-USD
1763874000,844.68,848.39,848.37,846.15,90.71783,BNB-USD
1763877600,842.35,848.1,846.0,842.9,33.73465,BNB-USD
1763881200,836.4,843.1,843.0,840.4,107.92564,BNB-USD
1763884800,840.5,843.63,840.5,843.0,16.80939,BNB-USD
1763888400,841.99,846.35,842.8,843.5,35.86843,BNB-USD
1763892000,839.54,843.4,843.4,841.44,82.62369,BNB-USD
1763895600,838.69,843.34,841.4,842.02,23.04134,BNB-USD
1763899200,842.1,848.79,842.1,846.84,34.71418,BNB-USD
1763902800,844.72,849.18,846.76,849.08,31.65961,BNB-USD
1763906400,843.2,851.3,848.9,843.8,30.37701,BNB-USD
1763910000,843.01,850.79,843.86,849.57,64.50254,BNB-USD
1763913600,844.9,852.59,849.47,844.9,62.99142,BNB-USD
1763917200,842.9,846.49,845.08,844.67,91.36231,BNB-USD
1763920800,844.6,849.37,844.7,847.29,75.899,BNB-USD
1763924400,846.92,851.8,847.29,849.36,42.19953,BNB-USD
1763928000,848.7,852.06,849.18,850.85,53.06703,BNB-USD
1763931600,848.2,855.08,850.82,854.7,112.60082,BNB-USD
1763935200,850.37,854.72,854.66,853.8,52.97341,BNB-USD
1763938800,839.65,854.52,853.9,843.39,174.67955,BNB-USD
1763942400,836.56,843.81,843.36,836.76,120.46356,BNB-USD
1763946000,835.8,842.27,836.7,841.68,46.39152,BNB-USD
1763949600,840.72,852.37,841.68,848.03,143.82218,BNB-USD
1763953200,842.82,851.18,848.03,849.47,264.31467,BNB-USD
1763956800,838.8,852.0,849.35,843.92,202.82895,BNB-USD
1763960400,844.3,858.1,844.4,852.89,129.29073,BNB-USD
1763964000,847.8,853.64,853.31,852.98,304.8691,BNB-USD
1763967600,848.32,857.22,852.9,853.02,187.5787,BNB-USD
1763971200,852.18,856.21,853.27,855.12,44.31935,BNB-USD
1763974800,840.5,854.98,854.98,841.75,77.96685,BNB-USD
1763978400,841.46,844.78,841.6,842.78,22.13717,BNB-USD
1763982000,840.07,843.79,842.66,841.6,39.63428,BNB-USD
1763985600,836.3,842.1,841.5,836.6,51.8277,BNB-USD
1763989200,836.9,842.81,837.0,837.3,70.12245,BNB-USD
1763992800,829.77,842.43,837.23,837.15,434.54588,BNB-USD
1763996400,835.54,847.35,837.3,843.75,198.13818,BNB-USD
1764000000,843.9,851.77,843.9,848.25,106.59264,BNB-USD
1764003600,846.97,866.64,848.07,866.19,279.52381,BNB-USD
1764007200,862.82,867.45,866.63,866.32,79.52929,BNB-USD
1764010800,865.81,870.9,866.0,868.7,198.78284,BNB-USD
1764014400,868.6,875.9,868.8,873.41,116.15487,BNB-USD
1764018000,865.59,873.2,873.2,867.56,79.32377,BNB-USD
1764021600,864.1,870.79,867.71,864.51,44.66241,BNB-USD
1764025200,863.4,866.17,864.8,864.31,58.17619,BNB-USD
1764028800,860.2,865.7,864.3,864.3,100.30125,BNB-USD
1764032400,860.5,866.64,864.5,860.64,32.84752,BNB-USD
1764036000,856.41,862.39,860.5,861.89,67.31689,BNB-USD
1764039600,858.93,864.27,861.7,860.58,49.41404,BNB-USD
1764043200,856.92,864.49,860.5,863.0,47.77668,BNB-USD
1764046800,859.61,863.97,862.9,863.02,32.03578,BNB-USD
1764050400,858.31,864.1,862.81,860.46,56.05358,BNB-USD
1764054000,855.6,862.15,860.33,856.0,40.21539,BNB-USD
1764057600,852.3,859.34,855.7,852.6,38.77924,BNB-USD
1764061200,846.9,852.8,852.7,852.41,212.16938,BNB-USD
1764064800,851.0,855.3,852.4,853.61,42.99365,BNB-USD
1764068400,850.2,854.43,853.79,850.5,23.8908,BNB-USD
1764072000,849.81,855.24,850.56,852.9,36.76004,BNB-USD
1764075600,845.85,855.49,852.8,847.98,58.12414,BNB-USD
1764079200,837.06,849.8,847.89,842.57,145.31623,BNB-USD
1764082800,837.34,848.54,841.97,846.02,61.64672,BNB-USD
1764086400,845.63,854.98,845.63,854.14,106.01641,BNB-USD
1764090000,851.81,861.4,853.93,857.71,168.33508,BNB-USD
1764093600,855.0,860.53,857.5,855.71,59.53448,BNB-USD
1764097200,845.32,855.82,855.82,854.95,104.92729,BNB-USD
1764100800,853.39,859.3,854.86,858.0,57.5788,BNB-USD
1764104400,855.91,858.6,857.9,855.91,56.53369,BNB-USD
1764108000,850.8,863.19,855.9,862.26,98.45547,BNB-USD
1764111600,861.01,867.09,862.39,862.01,67.14232,BNB-USD
1764115200,861.51,865.85,862.18,863.1,81.85176,BNB-USD
1764118800,861.5,868.29,863.0,867.6,54.81533,BNB-USD
1764122400,864.6,869.28,867.7,864.6,30.69742,BNB-USD
1764126000,858.8,866.31,864.8,859.9,23.13605,BNB-USD
1764129600,857.04,860.89,859.88,858.29,78.92166,BNB-USD
1764133200,858.3,862.1,858.3,860.51,27.76923,BNB-USD
1764136800,858.9,862.55,860.5,862.17,12.30143,BNB-USD
1764140400,858.63,862.11,862.11,860.21,15.42696,BNB-USD
1764144000,856.1,859.74,859.74,856.66,45.79678,BNB-USD
1764147600,852.45,857.64,856.81,852.88,86.55905,BNB-USD
1764151200,853.2,858.0,853.2,857.65,31.77876,BNB-USD
1764154800,856.33,858.07,857.64,857.49,20.44967,BNB-USD
1764158400,851.61,857.78,857.52,855.84,38.09287,BNB-USD
1764162000,855.16,863.78,855.84,863.27,132.67123,BNB-USD
1764165600,857.49,865.24,863.16,858.6,147.6689,BNB-USD
1764169200,858.71,868.08,858.71,864.48,82.33882,BNB-USD
1764172800,864.6,872.25,864.6,872.25,148.20177,BNB-USD
1764176400,871.91,890.09,871.91,887.66,184.65248,BNB-USD
1764180000,887.74,894.63,887.74,894.22,149.52484,BNB-USD
1764183600,891.49,897.47,894.27,896.4,141.70557,BNB-USD
1764187200,890.64,896.64,896.5,892.08,86.13402,BNB-USD
1764190800,888.94,893.04,892.05,892.44,59.18854,BNB-USD
1764194400,889.94,894.17,891.6,892.74,96.51378,BNB-USD
1764198000,889.56,895.8,892.75,891.27,83.56565,BNB-USD
1764201600,889.3,894.99,891.72,893.19,102.89941,BNB-USD
1764205200,892.41,898.11,893.37,898.02,66.32758,BNB-USD
1764208800,896.1,904.1,898.04,897.53,219.48437,BNB-USD
1764212400,894.0,898.68,897.47,895.34,128.15506,BNB-USD
1764216000,895.33,899.0,895.33,895.6,36.53637,BNB-USD
1764219600,890.9,896.09,895.5,891.6,19.10853,BNB-USD
1764223200,891.7,895.0,891.7,894.1,23.62305,BNB-USD
1764226800,891.71,894.3,894.05,893.52,46.80323,BNB-USD
1764230400,889.56,893.61,893.53,892.97,78.04034,BNB-USD
1764234000,891.69,894.51,892.96,892.87,54.91232,BNB-USD
1764237600,890.25,895.71,893.0,893.81,109.69663,BNB-USD
1764241200,890.73,893.83,893.8,892.7,19.72621,BNB-USD
1764244800,885.3,893.49,892.7,885.3,86.83173,BNB-USD
1764248400,883.81,888.6,885.2,887.8,81.81043,BNB-USD
1764252000,886.51,890.39,887.8,888.89,54.98118,BNB-USD
1764255600,888.29,893.99,888.95,892.86,55.30034,BNB-USD
1764259200,890.0,894.79,892.88,894.22,34.78306,BNB-USD
1764262800,891.84,894.28,894.16,892.85,41.86707,BNB-USD
1764266400,892.2,898.2,892.95,897.6,61.88295,BNB-USD
1764270000,894.38,897.45,897.45,895.96,27.12334,BNB-USD
1764273600,895.95,898.12,896.34,897.38,23.81664,BNB-USD
1764277200,895.35,898.67,897.3,896.38,99.60389,BNB-USD
1764280800,891.45,897.78,896.25,893.7,22.48804,BNB-USD
1764284400,892.96,896.7,893.85,895.44,31.94549,BNB-USD
1764288000,894.05,899.25,895.35,898.8,24.12119,BNB-USD
1764291600,889.88,899.25,898.95,891.4,63.30585,BNB-USD
1764295200,888.92,896.4,891.64,894.97,47.92103,BNB-USD
1764295200,888.92,896.4,891.64,894.97,47.92103,BNB-USD
1764298800,890.93,895.77,895.14,892.23,30.5678,BNB-USD
1764302400,891.65,895.71,892.49,894.46,22.6833,BNB-USD
1764306000,893.92,897.96,894.45,895.1,31.58639,BNB-USD
1764309600,888.31,895.29,895.29,888.6,19.96075,BNB-USD
1764313200,881.62,889.65,888.45,882.63,12.36414,BNB-USD
1764316800,882.9,896.1,882.9,892.2,53.4792,BNB-USD
1764320400,891.22,895.35,892.35,894.61,23.71752,BNB-USD
1764324000,893.25,898.2,894.88,897.3,12.43416,BNB-USD
1764327600,887.99,897.38,897.15,891.6,31.98819,BNB-USD
1764331200,889.38,892.87,891.74,889.46,33.08889,BNB-USD
1764334800,887.16,899.1,889.5,898.61,79.94606,BNB-USD
1764338400,893.75,903.6,897.9,898.35,174.01755,BNB-USD
1764342000,896.25,906.45,898.5,901.8,90.9075,BNB-USD
1764345600,884.47,902.26,901.95,884.77,141.75444,BNB-USD
1764349200,876.5,886.28,884.78,881.27,103.7526,BNB-USD
1764352800,877.1,883.7,881.2,882.52,62.78622,BNB-USD
1764356400,882.41,887.2,882.6,886.55,159.03425,BNB-USD
1764360000,883.4,890.4,886.4,890.17,20.24098,BNB-USD
1764363600,885.7,890.6,890.21,885.7,242.29733,BNB-USD
1764367200,883.97,888.9,885.64,888.6,37.23615,BNB-USD
1764370800,887.31,889.69,888.51,887.8,48.20658,BNB-USD
1764374400,884.4,887.57,887.5,885.99,43.07853,BNB-USD
1764378000,885.6,889.19,885.94,886.25,40.41189,BNB-USD
1764381600,883.6,887.48,886.4,885.74,22.45876,BNB-USD
1764385200,883.9,886.42,885.62,884.77,11.87141,BNB-USD
1764388800,883.06,885.15,884.77,884.8,28.3261,BNB-USD
1764392400,880.81,884.79,884.79,881.81,22.95466,BNB-USD
1764396000,876.56,882.88,881.76,879.12,40.88942,BNB-USD
1764399600,878.4,880.3,879.01,879.01,32.93788,BNB-USD
1764403200,878.4,880.92,878.8,880.3,7.0901,BNB-USD
1764406800,879.7,881.62,880.3,881.14,15.11125,BNB-USD
1764410400,878.6,882.4,881.4,879.21,9.80796,BNB-USD
1764414000,877.63,879.6,879.25,878.73,20.1754,BNB-USD
1764417600,876.23,879.78,878.6,877.3,17.97652,BNB-USD
1764421200,875.6,878.87,877.39,878.11,12.13681,BNB-USD
1764424800,875.9,878.18,878.15,876.49,29.62284,BNB-USD
1764428400,876.37,882.03,876.37,880.91,40.50337,BNB-USD
1764432000,879.35,881.8,880.8,881.3,46.89398,BNB-USD
1764435600,873.15,881.65,881.4,873.7,66.97605,BNB-USD
1764439200,868.69,874.4,873.69,874.33,122.13543,BNB-USD
1764442800,872.96,874.97,874.46,873.37,26.66601,BNB-USD
1764446400,871.1,874.9,873.39,874.9,9.22488,BNB-USD
1764450000,872.38,875.8,874.88,875.42,9.3654,BNB-USD
1764453600,872.98,875.46,875.46,873.51,18.48737,BNB-USD
1764457200,872.0,875.2,873.47,872.96,10.74297,BNB-USD
1764460800,872.96,875.4,872.96,875.21,20.75267,BNB-USD
