coin,rows,start_date,end_date
BTC-USD.csv,37937,2022-01-01 00:00:00,2026-05-01 00:00:00
ETH-USD.csv,37937,2022-01-01 00:00:00,2026-05-01 00:00:00
BCH-USD.csv,37936,2022-01-01 00:00:00,2026-05-01 00:00:00
ATOM-USD.csv,37936,2022-01-01 00:00:00,2026-05-01 00:00:00
AVAX-USD.csv,37936,2022-01-01 00:00:00,2026-05-01 00:00:00
SHIB-USD.csv,37935,2022-01-01 00:00:00,2026-05-01 00:00:00
USDT-USD.csv,37935,2022-01-01 00:00:00,2026-05-01 00:00:00
SOL-USD.csv,37935,2022-01-01 00:00:00,2026-05-01 00:00:00
CRV-USD.csv,37935,2022-01-01 00:00:00,2026-05-01 00:00:00
DOT-USD.csv,37935,2022-01-01 00:00:00,2026-05-01 00:00:00
AAVE-USD.csv,37935,2022-01-01 00:00:00,2026-05-01 00:00:00
LTC-USD.csv,37935,2022-01-01 00:00:00,2026-05-01 00:00:00
LINK-USD.csv,37935,2022-01-01 00:00:00,2026-05-01 00:00:00
UNI-USD.csv,37935,2022-01-01 00:00:00,2026-05-01 00:00:00
QNT-USD.csv,37935,2022-01-01 00:00:00,2026-05-01 00:00:00
IMX-USD.csv,37935,2022-01-01 00:00:00,2026-05-01 00:00:00
ADA-USD.csv,37935,2022-01-01 00:00:00,2026-05-01 00:00:00
ZEC-USD.csv,37935,2022-01-01 00:00:00,2026-05-01 00:00:00
DOGE-USD.csv,37935,2022-01-01 00:00:00,2026-05-01 00:00:00
XLM-USD.csv,37935,2022-01-01 00:00:00,2026-05-01 00:00:00
FIL-USD.csv,37934,2022-01-01 00:00:00,2026-05-01 00:00:00
ICP-USD.csv,37934,2022-01-01 00:00:00,2026-05-01 00:00:00
JASMY-USD.csv,37934,2022-01-01 00:00:00,2026-05-01 00:00:00
FET-USD.csv,37934,2022-01-01 00:00:00,2026-05-01 00:00:00
ALGO-USD.csv,37934,2022-01-01 00:00:00,2026-05-01 00:00:00
XTZ-USD.csv,37934,2022-01-01 00:00:00,2026-05-01 00:00:00
ACH-USD.csv,37933,2022-01-01 00:00:00,2026-05-01 00:00:00
CRO-USD.csv,37933,2022-01-01 00:00:00,2026-05-01 00:00:00
MANA-USD.csv,37932,2022-01-01 00:00:00,2026-05-01 00:00:00
COMP-USD.csv,37931,2022-01-01 00:00:00,2026-05-01 00:00:00
ETC-USD.csv,37931,2022-01-01 00:00:00,2026-05-01 00:00:00
ZRX-USD.csv,37928,2022-01-01 00:00:00,2026-05-01 00:00:00
DASH-USD.csv,37928,2022-01-01 00:00:00,2026-05-01 00:00:00
AXS-USD.csv,37925,2022-01-01 00:00:00,2026-05-01 00:00:00
BAT-USD.csv,37924,2022-01-01 00:00:00,2026-05-01 00:00:00
LRC-USD.csv,37917,2022-01-01 00:00:00,2026-05-01 00:00:00
YFI-USD.csv,37911,2022-01-01 00:00:00,2026-05-01 00:00:00
SPELL-USD.csv,37894,2022-01-01 00:00:00,2026-05-01 00:00:00
SUSHI-USD.csv,37888,2022-01-01 00:00:00,2026-05-01 00:00:00
GRT-USD.csv,37886,2022-01-01 00:00:00,2026-05-01 00:00:00
DAI-USD.csv,37878,2022-01-01 00:00:00,2026-05-01 00:00:00
ANKR-USD.csv,37876,2022-01-01 00:00:00,2026-05-01 00:00:00
AMP-USD.csv,37865,2022-01-01 00:00:00,2026-05-01 00:00:00
SNX-USD.csv,37865,2022-01-01 00:00:00,2026-05-01 00:00:00
ENS-USD.csv,37864,2022-01-01 00:00:00,2026-05-01 00:00:00
FORTH-USD.csv,37846,2022-01-01 00:00:00,2026-05-01 00:00:00
NMR-USD.csv,37833,2022-01-01 00:00:00,2026-05-01 00:00:00
XYO-USD.csv,37813,2022-01-01 00:00:00,2026-05-01 00:00:00
LCX-USD.csv,37802,2022-01-01 00:00:00,2026-05-01 00:00:00
SUPER-USD.csv,37763,2022-01-01 00:00:00,2026-05-01 00:00:00
LPT-USD.csv,37737,2022-01-01 00:00:00,2026-05-01 00:00:00
OGN-USD.csv,37718,2022-01-01 00:00:00,2026-05-01 00:00:00
COTI-USD.csv,37717,2022-01-01 00:00:00,2026-04-30 23:00:00
IOTX-USD.csv,37687,2022-01-01 00:00:00,2026-05-01 00:00:00
API3-USD.csv,37680,2022-01-01 00:00:00,2026-05-01 00:00:00
MLN-USD.csv,37676,2022-01-01 00:00:00,2026-05-01 00:00:00
GODS-USD.csv,37623,2022-01-01 00:00:00,2026-05-01 00:00:00
ASM-USD.csv,37620,2022-01-01 00:00:00,2026-05-01 00:00:00
CGLD-USD.csv,37590,2022-01-01 00:00:00,2026-05-01 00:00:00
TRB-USD.csv,37578,2022-01-01 00:00:00,2026-05-01 00:00:00
AUCTION-USD.csv,37551,2022-01-01 00:00:00,2026-04-30 22:00:00
SKL-USD.csv,37539,2022-01-01 00:00:00,2026-05-01 00:00:00
TRAC-USD.csv,37489,2022-01-01 00:00:00,2026-05-01 00:00:00
CHZ-USD.csv,37483,2022-01-01 00:00:00,2026-05-01 00:00:00
STX-USD.csv,37454,2022-01-20 18:00:00,2026-05-01 00:00:00
PERP-USD.csv,37450,2022-01-01 00:00:00,2026-05-01 00:00:00
CTSI-USD.csv,37389,2022-01-01 00:00:00,2026-05-01 00:00:00
NKN-USD.csv,37275,2022-01-01 00:00:00,2026-05-01 00:00:00
UMA-USD.csv,37266,2022-01-01 00:00:00,2026-05-01 00:00:00
MDT-USD.csv,37241,2022-01-01 00:00:00,2026-05-01 00:00:00
ZEN-USD.csv,37226,2022-01-01 00:00:00,2026-05-01 00:00:00
1INCH-USD.csv,37153,2022-01-01 00:00:00,2026-05-01 00:00:00
FARM-USD.csv,37125,2022-01-01 00:00:00,2026-05-01 00:00:00
OXT-USD.csv,37097,2022-01-01 00:00:00,2026-05-01 00:00:00
LQTY-USD.csv,37093,2022-01-13 18:00:00,2026-05-01 00:00:00
CVC-USD.csv,37074,2022-01-01 00:00:00,2026-05-01 00:00:00
GFI-USD.csv,37043,2022-01-11 20:00:00,2026-05-01 00:00:00
PRO-USD.csv,37035,2022-01-13 18:00:00,2026-05-01 00:00:00
STORJ-USD.csv,37027,2022-01-01 00:00:00,2026-05-01 00:00:00
NCT-USD.csv,37011,2022-01-13 18:00:00,2026-05-01 00:00:00
RLC-USD.csv,36973,2022-01-01 00:00:00,2026-05-01 00:00:00
BLZ-USD.csv,36961,2022-01-01 00:00:00,2026-05-01 00:00:00
BAL-USD.csv,36932,2022-01-01 00:00:00,2026-05-01 00:00:00
RARI-USD.csv,36878,2022-01-01 00:00:00,2026-05-01 00:00:00
ALCX-USD.csv,36858,2022-01-01 00:00:00,2026-04-30 22:00:00
TRU-USD.csv,36831,2022-01-01 00:00:00,2026-04-28 17:00:00
SHPING-USD.csv,36829,2022-01-20 18:00:00,2026-05-01 00:00:00
BAND-USD.csv,36728,2022-01-01 00:00:00,2026-05-01 00:00:00
KNC-USD.csv,36538,2022-01-01 00:00:00,2026-04-30 22:00:00
CTX-USD.csv,36483,2022-01-25 18:00:00,2026-05-01 00:00:00
IDEX-USD.csv,36454,2022-01-01 00:00:00,2026-05-01 00:00:00
AGLD-USD.csv,36437,2022-01-01 00:00:00,2026-05-01 00:00:00
REQ-USD.csv,36351,2022-01-01 00:00:00,2026-04-30 23:00:00
FIDA-USD.csv,36197,2022-02-01 18:00:00,2026-05-01 00:00:00
ORCA-USD.csv,36187,2022-02-01 18:00:00,2026-05-01 00:00:00
SUKU-USD.csv,36174,2022-01-01 00:00:00,2026-05-01 00:00:00
FOX-USD.csv,36112,2022-01-01 00:00:00,2026-05-01 00:00:00
APE-USD.csv,36059,2022-03-17 16:00:00,2026-05-01 00:00:00
BTRST-USD.csv,36032,2022-01-01 00:00:00,2026-05-01 00:00:00
MASK-USD.csv,35913,2022-01-01 00:00:00,2026-05-01 00:00:00
AIOZ-USD.csv,35910,2022-03-08 22:00:00,2026-05-01 00:00:00
DIA-USD.csv,35886,2022-01-25 18:00:00,2026-05-01 00:00:00
BICO-USD.csv,35852,2022-01-01 00:00:00,2026-05-01 00:00:00
ARPA-USD.csv,35593,2022-01-01 00:00:00,2026-04-30 23:00:00
POLS-USD.csv,35556,2022-01-01 00:00:00,2026-05-01 00:00:00
BADGER-USD.csv,35361,2022-01-01 00:00:00,2026-04-30 23:00:00
MKR-USD.csv,35302,2022-01-01 00:00:00,2026-01-12 16:00:00
DNT-USD.csv,35265,2022-01-01 00:00:00,2026-05-01 00:00:00
MINA-USD.csv,35222,2022-04-06 16:00:00,2026-05-01 00:00:00
HIGH-USD.csv,35215,2022-03-08 22:00:00,2026-05-01 00:00:00
ROSE-USD.csv,35153,2022-04-26 16:00:00,2026-05-01 00:00:00
POWR-USD.csv,34877,2022-01-01 00:00:00,2026-04-30 22:00:00
GST-USD.csv,34769,2022-04-28 16:00:00,2026-05-01 00:00:00
GTC-USD.csv,34544,2022-01-01 00:00:00,2026-05-01 00:00:00
EOS-USD.csv,34533,2022-01-01 00:00:00,2025-12-10 19:00:00
INV-USD.csv,34439,2022-01-13 18:00:00,2026-04-30 23:00:00
SAND-USD.csv,34438,2022-05-26 16:00:00,2026-05-01 00:00:00
GMT-USD.csv,34423,2022-04-28 16:00:00,2026-05-01 00:00:00
CLV-USD.csv,34328,2022-01-01 00:00:00,2025-12-10 19:00:00
OP-USD.csv,34289,2022-06-01 01:00:00,2026-05-01 00:00:00
GLM-USD.csv,34125,2022-03-09 00:00:00,2026-05-01 00:00:00
RAD-USD.csv,34077,2022-01-01 00:00:00,2026-04-30 23:00:00
BNT-USD.csv,33862,2022-01-01 00:00:00,2026-04-30 22:00:00
FLOW-USD.csv,33854,2022-05-19 16:00:00,2026-05-01 00:00:00
KSM-USD.csv,33829,2022-06-02 16:00:00,2026-05-01 00:00:00
AERGO-USD.csv,33735,2022-03-08 22:00:00,2026-05-01 00:00:00
XCN-USD.csv,33631,2022-06-28 18:00:00,2026-05-01 00:00:00
PLU-USD.csv,33626,2022-01-25 18:00:00,2026-04-30 23:00:00
ALEPH-USD.csv,33401,2022-06-22 16:00:00,2026-05-01 00:00:00
ALICE-USD.csv,33237,2022-02-24 17:00:00,2026-05-01 00:00:00
KRL-USD.csv,33224,2022-01-01 00:00:00,2026-05-01 00:00:00
MATIC-USD.csv,33179,2022-01-01 00:00:00,2025-10-14 15:00:00
METIS-USD.csv,32945,2022-06-28 19:00:00,2026-05-01 00:00:00
SWFTC-USD.csv,32943,2022-07-21 16:00:00,2026-05-01 00:00:00
WCFG-USD.csv,32822,2022-01-01 00:00:00,2025-11-26 19:00:00
AVT-USD.csv,32800,2022-02-03 19:00:00,2026-04-30 23:00:00
ABT-USD.csv,32254,2022-07-21 17:00:00,2026-05-01 00:00:00
CBETH-USD.csv,32252,2022-08-25 16:00:00,2026-05-01 00:00:00
FORT-USD.csv,32148,2022-06-15 16:00:00,2026-05-01 00:00:00
NEAR-USD.csv,32086,2022-09-01 16:00:00,2026-05-01 00:00:00
HOPR-USD.csv,32043,2022-06-22 16:00:00,2026-04-30 22:00:00
INJ-USD.csv,31552,2022-09-20 16:00:00,2026-05-01 00:00:00
C98-USD.csv,31516,2022-06-07 16:00:00,2026-05-01 00:00:00
MATH-USD.csv,31475,2022-06-22 16:00:00,2026-05-01 00:00:00
HBAR-USD.csv,31078,2022-10-13 16:00:00,2026-05-01 00:00:00
ILV-USD.csv,30973,2022-10-13 16:00:00,2026-05-01 00:00:00
APT-USD.csv,30945,2022-10-19 01:00:00,2026-05-01 00:00:00
BOBA-USD.csv,30928,2022-06-30 16:00:00,2026-04-30 21:00:00
OCEAN-USD.csv,30893,2022-09-08 16:00:00,2026-05-01 00:00:00
CELR-USD.csv,30856,2022-08-16 16:00:00,2026-05-01 00:00:00
POND-USD.csv,30625,2022-06-16 16:00:00,2026-05-01 00:00:00
AURORA-USD.csv,30606,2022-09-06 16:00:00,2026-05-01 00:00:00
RARE-USD.csv,30591,2022-08-02 16:00:00,2026-05-01 00:00:00
TIME-USD.csv,30588,2022-06-23 18:00:00,2026-05-01 00:00:00
LDO-USD.csv,30213,2022-11-17 17:00:00,2026-05-01 00:00:00
CVX-USD.csv,30090,2022-09-08 16:00:00,2026-05-01 00:00:00
HFT-USD.csv,30075,2022-11-07 14:00:00,2026-05-01 00:00:00
PNG-USD.csv,30062,2022-10-06 16:00:00,2026-05-01 00:00:00
ELA-USD.csv,29894,2022-06-22 17:00:00,2026-05-01 00:00:00
ERN-USD.csv,29876,2022-03-08 22:00:00,2025-08-22 18:00:00
AST-USD.csv,29842,2022-06-28 18:00:00,2026-05-01 00:00:00
RNDR-USD.csv,29732,2022-02-03 19:00:00,2025-06-26 18:00:00
EGLD-USD.csv,29649,2022-12-07 17:00:00,2026-05-01 00:00:00
RBN-USD.csv,29639,2022-01-01 00:00:00,2025-06-26 18:00:00
MAGIC-USD.csv,29542,2022-12-08 17:00:00,2026-05-01 00:00:00
MNDE-USD.csv,29366,2022-11-03 16:00:00,2026-05-01 00:00:00
FX-USD.csv,29359,2022-01-01 00:00:00,2025-08-15 18:00:00
INDEX-USD.csv,29200,2022-06-09 16:00:00,2026-04-30 23:00:00
FIS-USD.csv,28982,2022-06-16 16:00:00,2026-05-01 00:00:00
ORN-USD.csv,28953,2022-01-01 00:00:00,2025-05-16 18:00:00
PYR-USD.csv,28937,2022-11-29 17:00:00,2026-05-01 00:00:00
SYN-USD.csv,28795,2022-03-09 00:00:00,2025-06-26 18:00:00
GNO-USD.csv,28583,2022-07-21 17:00:00,2026-04-30 21:00:00
00-USD.csv,28480,2022-10-11 17:00:00,2026-05-01 00:00:00
MPL-USD.csv,28422,2022-01-25 18:00:00,2025-04-30 15:00:00
QI-USD.csv,28274,2022-11-23 17:00:00,2026-05-01 00:00:00
KAVA-USD.csv,28263,2023-01-19 17:00:00,2026-05-01 00:00:00
RPL-USD.csv,27834,2022-12-08 17:00:00,2026-05-01 00:00:00
AXL-USD.csv,27787,2023-02-07 17:00:00,2026-05-01 00:00:00
MUSE-USD.csv,27576,2022-06-23 16:00:00,2025-11-26 19:00:00
ACS-USD.csv,27475,2023-02-15 17:00:00,2026-05-01 00:00:00
PRIME-USD.csv,27300,2023-03-01 19:00:00,2026-05-01 00:00:00
AUDIO-USD.csv,27282,2023-01-26 17:00:00,2026-05-01 00:00:00
ARB-USD.csv,27220,2023-03-23 16:00:00,2026-05-01 00:00:00
FLR-USD.csv,26691,2023-04-14 17:00:00,2026-05-01 00:00:00
GAL-USD.csv,26536,2022-05-05 16:00:00,2025-05-16 18:00:00
BLUR-USD.csv,26269,2023-02-14 18:00:00,2026-05-01 00:00:00
DIMO-USD.csv,26096,2023-04-18 16:00:00,2026-05-01 00:00:00
GYEN-USD.csv,26094,2022-01-01 00:00:00,2025-05-07 15:00:00
LOKA-USD.csv,26065,2022-08-04 16:00:00,2025-12-10 19:00:00
WBTC-USD.csv,25898,2022-01-01 00:00:00,2024-12-19 17:00:00
SUI-USD.csv,25865,2023-05-18 16:00:00,2026-05-01 00:00:00
WAXL-USD.csv,25749,2022-10-25 16:00:00,2026-05-01 00:00:00
VOXEL-USD.csv,25705,2023-02-09 17:00:00,2026-04-30 22:00:00
T-USD.csv,25664,2023-01-26 17:00:00,2026-04-30 21:00:00
SPA-USD.csv,25523,2023-05-03 16:00:00,2026-04-30 22:00:00
DESO-USD.csv,24989,2022-01-01 00:00:00,2024-11-08 19:00:00
PRQ-USD.csv,24849,2022-06-22 16:00:00,2025-05-16 18:00:00
DEXT-USD.csv,24565,2022-06-23 19:00:00,2026-05-01 00:00:00
HNT-USD.csv,24552,2023-07-12 16:00:00,2026-05-01 00:00:00
XRP-USD.csv,24528,2023-07-13 20:00:00,2026-05-01 00:00:00
MSOL-USD.csv,24479,2022-11-03 16:00:00,2026-05-01 00:00:00
OSMO-USD.csv,24093,2023-05-25 16:00:00,2026-05-01 00:00:00
GHST-USD.csv,24019,2022-12-06 17:00:00,2026-05-01 00:00:00
SEI-USD.csv,23740,2023-08-15 16:00:00,2026-05-01 00:00:00
PUNDIX-USD.csv,23308,2022-09-20 16:00:00,2026-04-30 16:00:00
VET-USD.csv,23043,2023-09-13 16:00:00,2026-05-01 00:00:00
PAX-USD.csv,22998,2022-01-01 00:00:00,2026-05-01 00:00:00
VTHO-USD.csv,22914,2023-09-13 16:00:00,2026-04-30 23:00:00
VARA-USD.csv,22622,2023-09-20 18:00:00,2026-05-01 00:00:00
MEDIA-USD.csv,22545,2022-06-28 18:00:00,2025-04-15 18:00:00
BIGTIME-USD.csv,22280,2023-10-12 01:00:00,2026-05-01 00:00:00
COVAL-USD.csv,22168,2022-01-01 00:00:00,2024-07-19 18:00:00
DYP-USD.csv,21983,2022-06-22 16:00:00,2025-01-17 19:00:00
TIA-USD.csv,21866,2023-11-01 18:00:00,2026-05-01 00:00:00
ENJ-USD.csv,21492,2022-01-01 00:00:00,2024-06-14 18:00:00
DAR-USD.csv,21412,2022-06-16 16:00:00,2025-05-16 18:00:00
JTO-USD.csv,21002,2023-12-07 16:00:00,2026-05-01 00:00:00
BONK-USD.csv,20835,2023-12-14 17:00:00,2026-05-01 00:00:00
BIT-USD.csv,20365,2022-06-07 16:00:00,2025-01-06 19:00:00
ONDO-USD.csv,19898,2024-01-22 18:00:00,2026-05-01 00:00:00
HONEY-USD.csv,19771,2024-01-17 17:00:00,2026-05-01 00:00:00
SEAM-USD.csv,19678,2023-12-11 18:00:00,2026-05-01 00:00:00
ZETA-USD.csv,19574,2024-02-01 01:00:00,2026-05-01 00:00:00
AERO-USD.csv,19538,2024-02-06 17:00:00,2026-05-01 00:00:00
RENDER-USD.csv,19323,2024-02-15 17:00:00,2026-05-01 00:00:00
STG-USD.csv,19222,2022-08-04 16:00:00,2026-05-01 00:00:00
VELO-USD.csv,19175,2024-02-06 17:00:00,2026-05-01 00:00:00
STRK-USD.csv,19002,2024-02-21 19:00:00,2026-05-01 00:00:00
UNFI-USD.csv,18703,2022-01-25 18:00:00,2024-04-01 17:00:00
AKT-USD.csv,18530,2024-03-19 16:00:00,2026-05-01 00:00:00
LIT-USD.csv,17953,2022-12-06 17:00:00,2025-05-16 18:00:00
SAFE-USD.csv,17566,2024-04-23 18:00:00,2026-05-01 00:00:00
RONIN-USD.csv,17506,2024-03-21 16:00:00,2026-03-30 17:00:00
PLA-USD.csv,17349,2022-01-01 00:00:00,2024-02-14 01:00:00
ARKM-USD.csv,17272,2024-04-02 16:00:00,2026-05-01 00:00:00
KARRAT-USD.csv,17216,2024-04-22 20:00:00,2026-04-30 22:00:00
TNSR-USD.csv,17067,2024-04-08 19:00:00,2026-05-01 00:00:00
WAMPL-USD.csv,16995,2022-06-09 16:00:00,2024-07-19 18:00:00
NEON-USD.csv,16923,2024-04-30 16:00:00,2026-04-30 23:00:00
DRIFT-USD.csv,16920,2024-05-17 18:00:00,2026-05-01 00:00:00
POLY-USD.csv,16821,2022-01-01 00:00:00,2023-12-05 19:00:00
OMNI-USD.csv,16496,2024-04-17 14:00:00,2026-05-01 00:00:00
SHDW-USD.csv,16317,2024-04-10 16:00:00,2026-05-01 00:00:00
ZRO-USD.csv,16299,2024-06-20 17:00:00,2026-05-01 00:00:00
REN-USD.csv,16101,2022-01-01 00:00:00,2023-11-03 18:00:00
CORECHAIN-USD.csv,16056,2024-06-21 16:00:00,2026-05-01 00:00:00
QUICK-USD.csv,15972,2022-01-01 00:00:00,2023-12-06 19:00:00
GUSD-USD.csv,15888,2022-06-30 17:00:00,2025-05-07 15:00:00
PIRATE-USD.csv,15520,2024-06-13 19:00:00,2026-05-01 00:00:00
LRDS-USD.csv,15156,2024-07-24 17:00:00,2026-05-01 00:00:00
QSP-USD.csv,15085,2022-02-03 19:00:00,2023-11-03 17:00:00
MCO2-USD.csv,15008,2022-01-01 00:00:00,2023-11-14 18:00:00
LSETH-USD.csv,14971,2023-03-07 15:00:00,2026-04-30 22:00:00
A8-USD.csv,14952,2024-07-17 17:00:00,2026-05-01 00:00:00
SD-USD.csv,14824,2024-07-30 17:00:00,2026-05-01 00:00:00
SNT-USD.csv,14765,2022-03-08 22:00:00,2024-02-23 18:00:00
VGX-USD.csv,14715,2022-01-01 00:00:00,2023-09-06 15:00:00
BOND-USD.csv,14706,2022-01-01 00:00:00,2023-09-06 16:00:00
BLAST-USD.csv,14576,2024-06-26 19:00:00,2026-05-01 00:00:00
TVK-USD.csv,14509,2023-04-18 16:00:00,2025-01-29 19:00:00
POL-USD.csv,14469,2024-09-04 22:00:00,2026-05-01 00:00:00
ACX-USD.csv,14410,2024-08-21 16:00:00,2026-05-01 00:00:00
PYUSD-USD.csv,14299,2023-08-31 16:00:00,2025-04-24 16:00:00
MTL-USD.csv,14213,2022-07-21 18:00:00,2024-06-14 17:00:00
ALEO-USD.csv,14079,2024-09-18 20:00:00,2026-05-01 00:00:00
ZK-USD.csv,13965,2024-09-25 16:00:00,2026-05-01 00:00:00
CRPT-USD.csv,13907,2022-03-24 16:00:00,2023-11-03 18:00:00
COW-USD.csv,13886,2024-09-24 16:00:00,2026-05-01 00:00:00
EIGEN-USD.csv,13787,2024-10-01 16:00:00,2026-05-01 00:00:00
WELL-USD.csv,13719,2024-09-25 16:00:00,2026-05-01 00:00:00
DDX-USD.csv,13574,2022-01-01 00:00:00,2023-09-06 16:00:00
IO-USD.csv,13490,2024-10-09 16:00:00,2026-05-01 00:00:00
DEGEN-USD.csv,13310,2024-10-15 16:00:00,2026-05-01 00:00:00
ZETACHAIN-USD.csv,13295,2024-09-23 16:00:00,2026-05-01 00:00:00
G-USD.csv,13258,2024-08-13 16:00:00,2026-05-01 00:00:00
PEPE-USD.csv,12796,2024-11-13 16:00:00,2026-05-01 00:00:00
WIF-USD.csv,12786,2024-11-13 20:00:00,2026-05-01 00:00:00
FLOKI-USD.csv,12574,2024-11-21 17:00:00,2026-05-01 00:00:00
SWELL-USD.csv,12549,2024-11-07 20:00:00,2026-05-01 00:00:00
MOODENG-USD.csv,12289,2024-12-04 18:00:00,2026-05-01 00:00:00
MONA-USD.csv,12260,2022-06-28 19:00:00,2024-01-04 18:00:00
SYLO-USD.csv,12256,2022-07-21 16:00:00,2024-01-04 19:00:00
MOG-USD.csv,12218,2024-12-05 21:00:00,2026-05-01 00:00:00
TURBO-USD.csv,12121,2024-12-11 18:00:00,2026-05-01 00:00:00
GIGA-USD.csv,11932,2024-12-11 17:00:00,2026-05-01 00:00:00
GALA-USD.csv,11916,2022-01-01 00:00:00,2023-05-12 16:00:00
MOBILE-USD.csv,11761,2024-02-22 17:00:00,2025-06-26 18:00:00
PRCL-USD.csv,11664,2024-12-17 17:00:00,2026-05-01 00:00:00
RAI-USD.csv,11211,2022-01-01 00:00:00,2024-07-19 18:00:00
TRUMP-USD.csv,11138,2025-01-21 18:00:00,2026-05-01 00:00:00
TOSHI-USD.csv,11091,2025-01-23 17:00:00,2026-05-01 00:00:00
PNUT-USD.csv,11081,2025-01-14 17:00:00,2026-05-01 00:00:00
ATA-USD.csv,10881,2022-06-16 16:00:00,2024-01-04 19:00:00
MIR-USD.csv,10860,2022-01-01 00:00:00,2023-03-29 15:00:00
OMG-USD.csv,10859,2022-01-01 00:00:00,2023-03-29 16:00:00
RLY-USD.csv,10858,2022-01-01 00:00:00,2023-03-29 16:00:00
ME-USD.csv,10852,2024-12-10 22:00:00,2026-05-01 00:00:00
YFII-USD.csv,10851,2022-01-01 00:00:00,2023-03-29 15:00:00
VVV-USD.csv,10809,2025-01-28 00:00:00,2026-05-01 00:00:00
LOOM-USD.csv,10785,2022-01-01 00:00:00,2023-03-29 15:00:00
REP-USD.csv,10755,2022-01-01 00:00:00,2023-03-29 15:00:00
BERA-USD.csv,10750,2025-02-06 20:00:00,2026-05-01 00:00:00
ETHFI-USD.csv,10739,2025-02-06 17:00:00,2026-05-01 00:00:00
DREP-USD.csv,10633,2022-06-23 18:00:00,2024-01-04 19:00:00
B3-USD.csv,10616,2025-02-10 23:00:00,2026-05-01 00:00:00
TONE-USD.csv,10592,2022-08-02 16:00:00,2023-11-03 18:00:00
PENGU-USD.csv,10587,2025-02-13 17:00:00,2026-05-01 00:00:00
IP-USD.csv,10587,2025-02-13 16:00:00,2026-05-01 00:00:00
POPCAT-USD.csv,10586,2025-02-13 17:00:00,2026-05-01 00:00:00
JUP-USD.csv,10550,2022-06-23 16:00:00,2023-09-06 16:00:00
TAO-USD.csv,10419,2025-02-20 17:00:00,2026-05-01 00:00:00
KAITO-USD.csv,10415,2025-02-20 18:00:00,2026-05-01 00:00:00
PYTH-USD.csv,10407,2025-02-20 17:00:00,2026-05-01 00:00:00
MORPHO-USD.csv,10250,2025-02-27 17:00:00,2026-05-01 00:00:00
REZ-USD.csv,10035,2025-03-06 17:00:00,2026-05-01 00:00:00
RED-USD.csv,9933,2025-03-12 16:00:00,2026-05-01 00:00:00
SYRUP-USD.csv,9916,2025-03-13 16:00:00,2026-05-01 00:00:00
ATH-USD.csv,9915,2025-03-13 16:00:00,2026-05-01 00:00:00
COOKIE-USD.csv,9870,2025-03-11 16:00:00,2026-05-01 00:00:00
MXC-USD.csv,9688,2022-08-31 16:00:00,2023-11-03 18:00:00
NU-USD.csv,9642,2022-01-01 00:00:00,2023-02-06 17:00:00
KEEP-USD.csv,9632,2022-01-01 00:00:00,2023-02-06 16:00:00
PENDLE-USD.csv,9579,2025-03-27 17:00:00,2026-05-01 00:00:00
EDGE-USD.csv,9367,2025-04-02 20:00:00,2026-05-01 00:00:00
DOGINME-USD.csv,9303,2025-04-01 17:00:00,2026-05-01 00:00:00
PROMPT-USD.csv,9238,2025-04-10 19:00:00,2026-05-01 00:00:00
FAI-USD.csv,9141,2025-03-27 16:00:00,2026-05-01 00:00:00
KEYCAT-USD.csv,9104,2025-04-01 17:00:00,2026-05-01 00:00:00
L3-USD.csv,9090,2025-03-27 16:00:00,2026-05-01 00:00:00
RSR-USD.csv,8941,2025-04-22 16:00:00,2026-05-01 00:00:00
CLANKER-USD.csv,8927,2025-04-23 16:00:00,2026-05-01 00:00:00
KERNEL-USD.csv,8908,2025-04-14 19:00:00,2026-05-01 00:00:00
ZORA-USD.csv,8903,2025-04-24 20:00:00,2026-05-01 00:00:00
NEST-USD.csv,8835,2022-07-26 16:00:00,2023-09-05 15:00:00
WLD-USD.csv,8759,2025-04-30 20:00:00,2026-05-01 00:00:00
ALT-USD.csv,8684,2025-03-27 16:00:00,2026-05-01 00:00:00
MANTLE-USD.csv,8674,2025-05-01 16:00:00,2026-05-01 00:00:00
PAXG-USD.csv,8560,2025-05-08 18:00:00,2026-05-01 00:00:00
SXT-USD.csv,8479,2025-05-08 18:00:00,2026-05-01 00:00:00
OOKI-USD.csv,8237,2022-08-30 16:00:00,2023-09-06 15:00:00
ANT-USD.csv,7911,2022-12-08 17:00:00,2024-01-05 15:00:00
ENA-USD.csv,7900,2025-06-05 16:00:00,2026-05-01 00:00:00
FARTCOIN-USD.csv,7732,2025-06-12 16:00:00,2026-05-01 00:00:00
SQD-USD.csv,7696,2025-06-12 16:00:00,2026-05-01 00:00:00
BUSD-USD.csv,7673,2022-04-27 17:00:00,2023-03-13 15:00:00
SPK-USD.csv,7605,2025-06-17 20:00:00,2026-05-01 00:00:00
CAKE-USD.csv,7521,2025-06-12 16:00:00,2026-05-01 00:00:00
S-USD.csv,7444,2025-06-24 16:00:00,2026-05-01 00:00:00
RGT-USD.csv,7347,2022-01-01 00:00:00,2022-11-04 16:00:00
LA-USD.csv,7346,2025-06-04 19:00:00,2026-05-01 00:00:00
TRIBE-USD.csv,7276,2022-01-01 00:00:00,2022-11-04 15:00:00
W-USD.csv,7249,2025-07-02 16:00:00,2026-05-01 00:00:00
HOME-USD.csv,7135,2025-06-10 19:00:00,2026-05-01 00:00:00
SKY-USD.csv,7060,2025-07-10 16:00:00,2026-05-01 00:00:00
PUMP-USD.csv,6943,2025-07-15 13:00:00,2026-05-01 00:00:00
NEWT-USD.csv,6745,2025-06-24 19:00:00,2026-05-01 00:00:00
MUSD-USD.csv,6607,2022-01-01 00:00:00,2022-11-04 15:00:00
TREE-USD.csv,6593,2025-07-29 20:00:00,2026-05-01 00:00:00
BNKR-USD.csv,6563,2025-07-30 16:00:00,2026-05-01 00:00:00
BIO-USD.csv,6502,2025-07-31 16:00:00,2026-05-01 00:00:00
UPI-USD.csv,6451,2022-02-08 17:00:00,2022-11-04 15:00:00
PROVE-USD.csv,6417,2025-08-05 17:00:00,2026-05-01 00:00:00
EUL-USD.csv,6337,2025-08-06 16:00:00,2026-05-01 00:00:00
ERA-USD.csv,6092,2025-07-17 19:00:00,2026-05-01 00:00:00
USELESS-USD.csv,6076,2025-08-20 16:00:00,2026-05-01 00:00:00
SAPIEN-USD.csv,6073,2025-08-20 19:00:00,2026-05-01 00:00:00
USD1-USD.csv,5845,2025-08-21 17:00:00,2026-05-01 00:00:00
MAMO-USD.csv,5810,2025-08-06 17:00:00,2026-04-30 22:00:00
WLFI-USD.csv,5790,2025-09-01 14:00:00,2026-05-01 00:00:00
TOWNS-USD.csv,5612,2025-08-05 18:00:00,2026-04-30 23:00:00
SPX-USD.csv,5596,2025-09-09 16:00:00,2026-05-01 00:00:00
AVNT-USD.csv,5594,2025-09-09 18:00:00,2026-05-01 00:00:00
COSMOSDYDX-USD.csv,5548,2025-08-07 17:00:00,2026-05-01 00:00:00
FLOCK-USD.csv,5535,2025-09-09 16:00:00,2026-05-01 00:00:00
RSC-USD.csv,5496,2025-07-31 16:00:00,2026-05-01 00:00:00
KMNO-USD.csv,5485,2025-09-11 16:00:00,2026-05-01 00:00:00
WCT-USD.csv,5408,2025-08-14 16:00:00,2026-05-01 00:00:00
ZKC-USD.csv,5372,2025-09-15 18:00:00,2026-05-01 00:00:00
USDS-USD.csv,5193,2025-07-10 16:00:00,2026-05-01 00:00:00
BARD-USD.csv,5169,2025-09-18 22:00:00,2026-05-01 00:00:00
XAN-USD.csv,5078,2025-09-29 21:00:00,2026-05-01 00:00:00
MPLX-USD.csv,5047,2025-07-24 16:00:00,2026-05-01 00:00:00
TROLL-USD.csv,5031,2025-09-25 16:00:00,2026-05-01 00:00:00
CFG-USD.csv,4989,2025-09-25 16:00:00,2026-05-01 00:00:00
JITOSOL-USD.csv,4972,2025-07-24 16:00:00,2026-04-30 22:00:00
LINEA-USD.csv,4852,2025-10-09 19:00:00,2026-05-01 00:00:00
NOICE-USD.csv,4790,2025-10-09 16:00:00,2026-05-01 00:00:00
2Z-USD.csv,4688,2025-10-16 17:00:00,2026-05-01 00:00:00
RECALL-USD.csv,4682,2025-10-15 19:00:00,2026-05-01 00:00:00
BNB-USD.csv,4561,2025-10-22 18:00:00,2026-05-01 00:00:00
AWE-USD.csv,4559,2025-09-04 16:00:00,2026-05-01 00:00:00
KTA-USD.csv,4532,2025-10-22 16:00:00,2026-05-01 00:00:00
APR-USD.csv,4485,2025-10-23 19:00:00,2026-05-01 00:00:00
MET-USD.csv,4458,2025-10-23 20:00:00,2026-05-01 00:00:00
LAYER-USD.csv,4446,2025-09-11 16:00:00,2026-04-30 23:00:00
DOLO-USD.csv,4406,2025-09-11 16:00:00,2026-05-01 00:00:00
KITE-USD.csv,4254,2025-11-03 20:00:00,2026-05-01 00:00:00
TRUST-USD.csv,4176,2025-11-05 20:00:00,2026-05-01 00:00:00
SYND-USD.csv,4064,2025-10-09 16:00:00,2026-05-01 00:00:00
YB-USD.csv,4061,2025-10-15 17:00:00,2026-05-01 00:00:00
TON-USD.csv,3918,2025-11-18 17:00:00,2026-05-01 00:00:00
ALLO-USD.csv,3863,2025-11-12 16:00:00,2026-05-01 00:00:00
ASTER-USD.csv,3847,2025-11-20 17:00:00,2026-05-01 00:00:00
BOBBOB-USD.csv,3796,2025-11-21 00:00:00,2026-05-01 00:00:00
MON-USD.csv,3780,2025-11-24 13:00:00,2026-05-01 00:00:00
MOVE-USD.csv,3770,2024-12-09 17:00:00,2025-05-15 18:00:00
NOM-USD.csv,3753,2025-11-13 20:00:00,2026-05-01 00:00:00
IRYS-USD.csv,3743,2025-11-25 19:00:00,2026-05-01 00:00:00
XPL-USD.csv,3584,2025-12-02 17:00:00,2026-05-01 00:00:00
RLS-USD.csv,3525,2025-12-01 19:00:00,2026-05-01 00:00:00
UST-USD.csv,3521,2022-01-01 00:00:00,2022-05-27 16:00:00
WLUNA-USD.csv,3521,2022-01-01 00:00:00,2022-05-27 16:00:00
DBR-USD.csv,3493,2025-10-29 16:00:00,2026-05-01 00:00:00
PLUME-USD.csv,3389,2025-12-10 17:00:00,2026-05-01 00:00:00
WET-USD.csv,3375,2025-12-09 22:00:00,2026-05-01 00:00:00
JUPITER-USD.csv,3296,2025-12-09 22:00:00,2026-05-01 00:00:00
SUP-USD.csv,3282,2025-11-18 01:00:00,2026-05-01 00:00:00
WMTX-USD.csv,3272,2025-11-25 17:00:00,2026-05-01 00:00:00
FLUID-USD.csv,3142,2025-11-25 17:00:00,2026-05-01 00:00:00
ZKP-USD.csv,2823,2025-12-19 20:00:00,2026-05-01 00:00:00
THQ-USD.csv,2779,2025-12-16 20:00:00,2026-04-30 23:00:00
BEAM-USD.csv,2695,2025-12-16 18:00:00,2026-05-01 00:00:00
MULTI-USD.csv,2691,2023-05-04 16:00:00,2023-09-06 15:00:00
BREV-USD.csv,2610,2026-01-06 21:00:00,2026-05-01 00:00:00
LIGHTER-USD.csv,2523,2026-01-15 15:00:00,2026-05-01 00:00:00
FUN1-USD.csv,2518,2026-01-15 21:00:00,2026-05-01 00:00:00
HYPER-USD.csv,2510,2025-12-10 21:00:00,2026-05-01 00:00:00
ELSA-USD.csv,2386,2026-01-20 18:00:00,2026-05-01 00:00:00
SKR-USD.csv,2385,2026-01-21 16:00:00,2026-05-01 00:00:00
SENT-USD.csv,2361,2026-01-22 16:00:00,2026-05-01 00:00:00
FIGHT-USD.csv,2356,2026-01-22 16:00:00,2026-05-01 00:00:00
IMU-USD.csv,2271,2026-01-22 16:00:00,2026-04-30 23:00:00
BIRB-USD.csv,2204,2026-01-28 15:00:00,2026-05-01 00:00:00
INX-USD.csv,2123,2026-01-30 19:00:00,2026-05-01 00:00:00
ZAMA-USD.csv,2072,2026-02-02 17:00:00,2026-05-01 00:00:00
TRIA-USD.csv,2070,2026-02-03 18:00:00,2026-05-01 00:00:00
HYPE-USD.csv,2022,2026-02-05 19:00:00,2026-05-01 00:00:00
DOOD-USD.csv,1950,2026-02-05 17:00:00,2026-05-01 00:00:00
UP-USD.csv,1853,2026-02-10 17:00:00,2026-05-01 00:00:00
AZTEC-USD.csv,1853,2026-02-12 15:00:00,2026-05-01 00:00:00
ESP-USD.csv,1832,2026-02-13 15:00:00,2026-04-30 23:00:00
RAVE-USD.csv,1811,2026-02-11 17:00:00,2026-05-01 00:00:00
RAY-USD.csv,1787,2026-01-14 17:00:00,2026-05-01 00:00:00
RNBW-USD.csv,1689,2026-02-05 18:00:00,2026-05-01 00:00:00
EURC-USD.csv,1653,2024-06-21 16:00:00,2024-08-29 15:00:00
DEEP-USD.csv,1650,2026-02-11 17:00:00,2026-05-01 00:00:00
GWEI-USD.csv,1566,2026-02-24 18:00:00,2026-05-01 00:00:00
ROBO-USD.csv,1499,2026-02-27 13:00:00,2026-05-01 00:00:00
OPN-USD.csv,1316,2026-03-05 13:00:00,2026-05-01 00:00:00
KAT-USD.csv,1044,2026-03-18 13:00:00,2026-05-01 00:00:00
WAL-USD.csv,999,2026-02-11 18:00:00,2026-04-30 22:00:00
PRL-USD.csv,876,2026-03-25 13:00:00,2026-05-01 00:00:00
ICNT-USD.csv,865,2026-03-25 16:00:00,2026-05-01 00:00:00
LMTS-USD.csv,820,2026-03-06 17:00:00,2026-05-01 00:00:00
BASED1-USD.csv,758,2026-03-30 09:00:00,2026-05-01 00:00:00
EDGEX-USD.csv,733,2026-03-31 12:00:00,2026-05-01 00:00:00
MEZO-USD.csv,703,2026-04-01 14:00:00,2026-05-01 00:00:00
CHECK-USD.csv,616,2026-04-02 16:00:00,2026-05-01 00:00:00
OPG-USD.csv,229,2026-04-21 12:00:00,2026-05-01 00:00:00
CHIP-USD.csv,228,2026-04-21 13:00:00,2026-05-01 00:00:00
SIGN-USD.csv,194,2026-04-21 15:00:00,2026-05-01 00:00:00
DIEM-USD.csv,188,2026-04-22 16:00:00,2026-05-01 00:00:00
BLEND-USD.csv,156,2026-04-24 13:00:00,2026-05-01 00:00:00
PROS-USD.csv,59,2026-04-28 14:00:00,2026-05-01 00:00:00
VIRTUAL-USD.csv,31,2026-04-29 18:00:00,2026-05-01 00:00:00
AI-USD.csv,29,2026-04-29 20:00:00,2026-05-01 00:00:00
MEGA-USD.csv,14,2026-04-30 11:00:00,2026-05-01 00:00:00
