timestamp,btcd
2021-08-05,45.321966231267155
2021-08-06,46.31546156248534
2021-08-07,46.605775210862106
2021-08-08,43.42662007669463
2021-08-09,47.544019406345114
2021-08-10,44.405451547103745
2021-08-11,44.24509669876642
2021-08-12,42.409410905789315
2021-08-13,46.75397630117374
2021-08-14,42.75108128103321
2021-08-15,42.76146241998998
2021-08-16,41.496849846698716
2021-08-17,41.148698108898074
2021-08-18,42.877052152731736
2021-08-19,44.075577216506424
2021-08-20,44.42188671667371
2021-08-21,42.33165685139637
2021-08-22,43.01470428515234
2021-08-23,42.8404317993463
2021-08-24,40.42718481676138
2021-08-25,43.24680961989457
2021-08-26,40.60082396453765
2021-08-27,44.118558603905434
2021-08-28,41.97674996485782
2021-08-29,42.06961033335971
2021-08-30,40.6572704989355
2021-08-31,41.78665039194161
2021-09-01,42.17458353431286
2021-09-02,40.608726245169905
2021-09-03,40.808919882158484
2021-09-04,39.854248397704325
2021-09-05,41.24168132064953
2021-09-06,40.72932426988661
2021-09-07,35.6845605554727
2021-09-08,39.806868071040704
2021-09-09,39.971244053151025
2021-09-10,38.33984290467184
2021-09-11,40.22031303910651
2021-09-12,40.37021098041919
2021-09-13,38.21981468636185
2021-09-14,41.57285149171685
2021-09-15,40.93187736488646
2021-09-16,39.4912224389696
2021-09-17,39.398384129646466
2021-09-18,41.18927665305735
2021-09-19,39.64382582811087
2021-09-20,36.75139120309116
2021-09-21,39.01333837854015
2021-09-22,44.30967839180315
2021-09-23,41.45335509749665
2021-09-24,38.38303989377281
2021-09-25,40.13800898934248
2021-09-26,40.94740859794303
2021-09-27,39.71270201913117
2021-09-28,39.4879589360268
2021-09-29,41.371966908093285
2021-09-30,42.87052867097784
2021-10-01,45.12668648984083
2021-10-02,41.05793394485414
2021-10-03,41.15167548555439
2021-10-04,41.495660538186776
2021-10-05,43.31387274812845
2021-10-06,44.961630583482446
2021-10-07,42.275767638317355
2021-10-08,42.824902969942436
2021-10-09,43.62468975825774
2021-10-10,42.7023056081915
2021-10-11,45.98233646440022
2021-10-12,43.50930884329666
2021-10-13,45.04788559217797
2021-10-14,43.790831302616716
2021-10-15,46.55240152519939
2021-10-16,44.208053308670145
2021-10-17,44.85812156119085
2021-10-18,45.188967369981484
2021-10-19,46.98342312842419
2021-10-20,47.020885489092855
2021-10-21,42.47478267184484
2021-10-22,43.06657718363399
2021-10-23,43.853198844805114
2021-10-24,42.763489613891245
2021-10-25,44.70053863805696
2021-10-26,41.53306121761396
2021-10-27,40.966522989977264
2021-10-28,44.419248602997705
2021-10-29,43.421079410712025
2021-10-30,41.90228440043287
2021-10-31,42.07722087558514
2021-11-01,41.877017830128956
2021-11-02,43.08526018567376
2021-11-03,41.40211533699005
2021-11-04,40.1572599285119
2021-11-05,40.588246784088234
2021-11-06,40.82361079910572
2021-11-07,41.6742302180667
2021-11-08,43.3705080191847
2021-11-09,41.173668254193956
2021-11-10,40.23727384915626
2021-11-11,41.6185785305105
2021-11-12,40.54100935138386
2021-11-13,41.20019517651331
2021-11-14,41.54379788475552
2021-11-15,39.958599655862045
2021-11-16,38.73242454257333
2021-11-17,41.3563108890857
2021-11-18,38.767111540527594
2021-11-19,42.26100685982607
2021-11-20,41.227220301294786
2021-11-21,39.53398449168017
2021-11-22,38.199863562166506
2021-11-23,40.89619680423768
2021-11-24,38.705205626454195
2021-11-25,39.98900442591771
2021-11-26,36.09425777218133
2021-11-27,40.364853016418145
2021-11-28,41.590416304089445
2021-11-29,40.43487626559667
2021-11-30,39.10796666637415
2021-12-01,39.10832450763385
2021-12-02,38.523775724074376
2021-12-03,36.94946262635223
2021-12-04,35.64116219200643
2021-12-05,38.42470174642123
2021-12-06,39.64962373558378
2021-12-07,38.629993310604185
2021-12-08,38.48229352662943
2021-12-09,35.82132428279293
2021-12-10,37.58792151996595
2021-12-11,40.48182445834566
2021-12-12,39.66309094758936
2021-12-13,36.478995534020264
2021-12-14,39.340686386508565
2021-12-15,40.032625676846
2021-12-16,37.999702706611814
2021-12-17,37.51302481303649
2021-12-18,38.8423004252953
2021-12-19,37.97441554870641
2021-12-20,38.34130236719038
2021-12-21,39.8708020962712
2021-12-22,38.382012797574426
2021-12-23,40.02293160485535
2021-12-24,38.341494932442224
2021-12-25,38.36522566235722
2021-12-26,38.40369843534556
2021-12-27,38.02450394352245
2021-12-28,35.74435678896375
2021-12-29,37.089588226808935
2021-12-30,38.80645887373211
2021-12-31,37.528731468334584
2022-01-01,39.04526621215052
2022-01-02,37.549564986165805
2022-01-03,36.81090779172948
2022-01-04,36.911233125449414
2022-01-05,35.10373497811701
2022-01-06,36.89540469916528
2022-01-07,35.90504942282629
2022-01-08,37.92592747883403
2022-01-09,38.569622875732165
2022-01-10,38.07082141663126
2022-01-11,39.48969706397136
2022-01-12,39.18599826253041
2022-01-13,36.48857058907393
2022-01-14,38.07220410965789
2022-01-15,37.514995722145926
2022-01-16,37.24275208090882
2022-01-17,36.31174055187431
2022-01-18,37.52502700187434
2022-01-19,37.27494119331507
2022-01-20,37.06028008883679
2022-01-21,34.159991779452476
2022-01-22,37.06442075679163
2022-01-23,40.5220305269421
2022-01-24,39.294876677235315
2022-01-25,40.087070644559496
2022-01-26,39.62052383932235
2022-01-27,40.04234079257281
2022-01-28,40.91917023254194
2022-01-29,40.38279747007022
2022-01-30,39.57902263446051
2022-01-31,40.554052767430775
2022-02-01,39.99486605097535
2022-02-02,37.5332064714687
2022-02-03,39.335649653415395
2022-02-04,43.758733256498644
2022-02-05,39.606283794045545
2022-02-06,40.51843436481603
2022-02-07,41.01232722098071
2022-02-08,39.78790175873233
2022-02-09,40.13051940865317
2022-02-10,38.78333368139064
2022-02-11,38.91363357928611
2022-02-12,40.363557731014204
2022-02-13,40.41453186962734
2022-02-14,41.00931485523489
2022-02-15,42.53771212774153
2022-02-16,39.700376727604166
2022-02-17,37.04552919577899
2022-02-18,39.328529928322645
2022-02-19,40.01796784689508
2022-02-20,38.30346515718877
2022-02-21,38.58121153417525
2022-02-22,41.351621706864584
2022-02-23,39.118300021554454
2022-02-24,40.98399760419839
2022-02-25,41.61815767508311
2022-02-26,39.88411771784142
2022-02-27,38.4467287552629
2022-02-28,45.80006276048368
2022-03-01,42.20213395869936
2022-03-02,40.999975409143595
2022-03-03,39.959293777435285
2022-03-04,37.920406326527264
2022-03-05,40.83462551268951
2022-03-06,39.29310883968985
2022-03-07,40.21337998564665
2022-03-08,41.48884391825792
2022-03-09,44.10523474667958
2022-03-10,38.94793505706251
2022-03-11,40.11616502654982
2022-03-12,40.78541454768486
2022-03-13,39.630754314606826
2022-03-14,42.44596153781465
2022-03-15,40.775181464688295
2022-03-16,42.71191650758877
2022-03-17,40.87396222209502
2022-03-18,41.44725604932843
2022-03-19,40.84797056240988
2022-03-20,39.48115528177671
2022-03-21,40.235317243626454
2022-03-22,41.24312637358172
2022-03-23,40.72965951589182
2022-03-24,41.02479224769833
2022-03-25,40.49364027204898
2022-03-26,40.720127460682
2022-03-27,42.396250278435794
2022-03-28,40.87818048204341
2022-03-29,40.745209781533404
2022-03-30,39.89537057437928
2022-03-31,38.53739541939049
2022-04-01,40.22240054473647
2022-04-02,38.82875091391184
2022-04-03,39.472701032946425
2022-04-04,39.011535848127814
2022-04-05,38.219851122535616
2022-04-06,37.005271928673984
2022-04-07,39.75722168208811
2022-04-08,38.05090034015356
2022-04-09,39.64353047542304
2022-04-10,38.45835601906775
2022-04-11,36.455284203674196
2022-04-12,39.72071490033427
2022-04-13,39.898289479848344
2022-04-14,37.802820591114674
2022-04-15,39.39657553086565
2022-04-16,38.77382387269008
2022-04-17,38.088648000318805
2022-04-18,39.978520270470156
2022-04-19,39.72762630555173
2022-04-20,38.91131742246268
2022-04-21,38.20007578441163
2022-04-22,38.33989454714946
2022-04-23,38.44330307959134
2022-04-24,38.74347085510019
2022-04-25,39.90308664642578
2022-04-26,36.84864796509312
2022-04-27,40.26317929931458
2022-04-28,39.87149586153016
2022-04-29,38.369463821976865
2022-04-30,38.77646985814548
2022-05-01,41.01458010092345
2022-05-02,39.95156070364722
2022-05-03,39.237063857997114
2022-05-04,41.96839531074454
2022-05-05,36.61034293018435
2022-05-06,38.70137827200522
2022-05-07,38.62796439286392
2022-05-08,37.88312786672102
2022-05-09,34.88927957845615
2022-05-10,40.58510083333209
2022-05-11,37.01127920246085
2022-05-12,41.751140991519144
2022-05-13,43.33895508070947
2022-05-14,43.47506185086126
2022-05-15,44.051485444718914
2022-05-16,40.50798771320209
2022-05-17,43.27299142119104
2022-05-18,39.826361708020286
2022-05-19,44.923942240277256
2022-05-20,41.47119413025348
2022-05-21,42.91927659504758
2022-05-22,43.7554142016405
2022-05-23,40.8672314790936
2022-05-24,43.0501587437499
2022-05-25,42.379529060800884
2022-05-26,42.27858622457493
2022-05-27,42.82331146262143
2022-05-28,44.58882260302162
2022-05-29,44.24785429910029
2022-05-30,47.13104837110213
2022-05-31,44.09280877771457
2022-06-01,41.404160860126964
2022-06-02,44.915529744996626
2022-06-03,43.128389000901876
2022-06-04,44.45814295963743
2022-06-05,44.23075122536215
2022-06-06,46.355936689449514
2022-06-07,44.55594775441084
2022-06-08,43.64872374479446
2022-06-09,44.35942528756795
2022-06-10,42.91924561505919
2022-06-11,43.612978939304675
2022-06-12,42.949243195911954
2022-06-13,38.044162343356916
2022-06-14,42.9410367159575
2022-06-15,43.673579211504816
2022-06-16,38.48992953861365
2022-06-17,42.383352461154566
2022-06-18,38.991685704070235
2022-06-19,44.7592091954713
2022-06-20,41.76990374555451
2022-06-21,41.75353496667785
2022-06-22,39.99300404066576
2022-06-23,43.61118377918828
2022-06-24,41.69812302938747
2022-06-25,40.99227962216054
2022-06-26,39.772372302013956
2022-06-27,40.139757679993274
2022-06-28,39.66224074212223
2022-06-29,40.51042165381942
2022-06-30,40.41502896247864
2022-07-01,39.924725744728654
2022-07-02,40.41273837504944
2022-07-03,40.54445749980545
2022-07-04,42.3449456027679
2022-07-05,40.57461196782287
2022-07-06,41.579401103245736
2022-07-07,42.92919038488484
2022-07-08,41.55054839115716
2022-07-09,41.15726128812748
2022-07-10,39.92217153633605
2022-07-11,39.42004435171073
2022-07-12,39.80717315977487
2022-07-13,42.8990748319465
2022-07-14,41.787323443339865
2022-07-15,41.47672289882814
2022-07-16,41.41629476283124
2022-07-17,39.21635369384538
2022-07-18,43.03481431142075
2022-07-19,41.60152113778916
2022-07-20,40.57129174074138
2022-07-21,40.7856577730478
2022-07-22,39.345585989042384
2022-07-23,39.69835153440509
2022-07-24,40.23940349115999
2022-07-25,37.60601686598062
2022-07-26,40.15939743928602
2022-07-27,43.0300700327383
2022-07-28,41.75331883355011
2022-07-29,39.850007983196704
2022-07-30,39.2720849135874
2022-07-31,39.06187426439051
2022-08-01,39.48252084361208
2022-08-02,39.06701650952398
2022-08-03,39.874478319607114
2022-08-04,38.440484087610116
2022-08-05,40.15826611623393
2022-08-06,38.2283763896595
2022-08-07,39.21819355355747
2022-08-08,39.615630647853855
2022-08-09,37.77760497667514
2022-08-10,40.49924197971037
2022-08-11,38.09020395403193
2022-08-12,39.02362963370605
2022-08-13,38.322981827902595
2022-08-14,38.067479756998374
2022-08-15,37.861558655775305
2022-08-16,38.013277635042904
2022-08-17,37.47547705798746
2022-08-18,38.002807357704995
2022-08-19,34.917267778331656
2022-08-20,38.16837841933086
2022-08-21,38.94317015439025
2022-08-22,38.17086190782793
2022-08-23,38.51605835531856
2022-08-24,38.21094261544357
2022-08-25,38.20744490318444
2022-08-26,35.71626830084819
2022-08-27,37.760836032749374
2022-08-28,37.31995203525181
2022-08-29,39.30132064520669
2022-08-30,36.850167824565794
2022-08-31,37.70999444093031
2022-09-01,37.71838496888987
2022-09-02,37.36384482783302
2022-09-03,37.15268293991399
2022-09-04,37.525619560804714
2022-09-05,37.001972320735774
2022-09-06,34.47185618723467
2022-09-07,37.19936641258757
2022-09-08,36.236681045272604
2022-09-09,39.80129370788475
2022-09-10,38.04943369808257
2022-09-11,37.607272298021435
2022-09-12,38.59207172478448
2022-09-13,34.931472634172025
2022-09-14,37.63591150825269
2022-09-15,36.17358097498895
2022-09-16,37.776944434281226
2022-09-17,38.38080664222115
2022-09-18,36.726601913462744
2022-09-19,38.565716894558356
2022-09-20,36.73396108460046
2022-09-21,36.98909821091155
2022-09-22,39.58648843931299
2022-09-23,37.58651176045687
2022-09-24,37.05223503629606
2022-09-25,37.03904208745605
2022-09-26,38.28732577567992
2022-09-27,37.49311424061917
2022-09-28,38.28201404241331
2022-09-29,38.215907133830676
2022-09-30,37.77901600701804
2022-10-01,37.73628475706274
2022-10-02,37.489477452888536
2022-10-03,39.12407169244641
2022-10-04,39.68498897592415
2022-10-05,38.30192756790777
2022-10-06,38.12401199184826
2022-10-07,37.61523465486019
2022-10-08,37.75609126824545
2022-10-09,38.08089459444328
2022-10-10,37.304372177172375
2022-10-11,37.902669675339624
2022-10-12,38.37677615524186
2022-10-13,38.693320013143506
2022-10-14,38.21785228526986
2022-10-15,38.11974884635702
2022-10-16,38.76098163729622
2022-10-17,38.91688568701072
2022-10-18,37.92250362161227
2022-10-19,37.99341061340832
2022-10-20,38.372075645238795
2022-10-21,38.7660660387115
2022-10-22,38.52885770242666
2022-10-23,39.07635735600445
2022-10-24,37.878663696003414
2022-10-25,39.84528683365532
2022-10-26,39.49244700336348
2022-10-27,37.281510941264635
2022-10-28,38.58577998862724
2022-10-29,38.26988508168084
2022-10-30,37.17088842298046
2022-10-31,37.19510871497601
2022-11-01,37.170082581510655
2022-11-02,36.584141868113754
2022-11-03,37.38204746193966
2022-11-04,38.81165223372932
2022-11-05,37.10668821183371
2022-11-06,36.4248560342818
2022-11-07,36.79728020345817
2022-11-08,33.290769079160206
2022-11-09,31.722442427328883
2022-11-10,40.618633268959506
2022-11-11,35.37669795428972
2022-11-12,35.664025067603845
2022-11-13,35.64718422777447
2022-11-14,37.15545155693789
2022-11-15,37.19341426322867
2022-11-16,36.25581184188418
2022-11-17,36.870031229203754
2022-11-18,37.03508071937299
2022-11-19,36.90028069785151
2022-11-20,35.92751594236497
2022-11-21,36.02364637389235
2022-11-22,37.878107960261424
2022-11-23,37.904325806975486
2022-11-24,36.68082235968841
2022-11-25,36.41370783067674
2022-11-26,36.42255094669716
2022-11-27,36.2747851319017
2022-11-28,35.77201343061703
2022-11-29,36.976992600825035
2022-11-30,37.95828723178572
2022-12-01,36.09884125099646
2022-12-02,36.887492355736526
2022-12-03,36.04206651921168
2022-12-04,37.22995432491624
2022-12-05,36.36078422758045
2022-12-06,36.94470714334113
2022-12-07,36.26990419585107
2022-12-08,37.78001541032307
2022-12-09,36.79712555692777
2022-12-10,37.020162810846244
2022-12-11,36.972355453767015
2022-12-12,37.324287139611116
2022-12-13,38.56624801682666
2022-12-14,37.45468736631353
2022-12-15,36.993263582923234
2022-12-16,36.33602898197267
2022-12-17,38.74681259388237
2022-12-18,38.163535172973326
2022-12-19,37.47044671703435
2022-12-20,39.382000306591266
2022-12-21,38.09930490478401
2022-12-22,38.38992624256489
2022-12-23,38.2558337627432
2022-12-24,38.397532285449834
2022-12-25,38.33870279999159
2022-12-26,38.57379759641733
2022-12-27,37.92977376725286
2022-12-28,37.90257391987927
2022-12-29,38.71294761533291
2022-12-30,38.44271108175739
2022-12-31,38.40961171552678
2023-01-01,38.62347185558585
2023-01-02,38.610056436475645
2023-01-03,38.26917664329842
2023-01-04,38.66069509723843
2023-01-05,37.90216584941101
2023-01-06,38.3385530884682
2023-01-07,38.01356682269414
2023-01-08,38.3301851762162
2023-01-09,38.021986837512884
2023-01-10,38.00443325768046
2023-01-11,38.73647526444189
2023-01-12,39.49412967160175
2023-01-13,40.64795500640645
2023-01-14,41.22322758893816
2023-01-15,39.297448909950155
2023-01-16,39.85223110427472
2023-01-17,39.519512533052634
2023-01-18,38.701095348847865
2023-01-19,40.84577723509906
2023-01-20,43.13336794058479
2023-01-21,40.7304635824229
2023-01-22,40.90935843414891
2023-01-23,41.06865144296016
2023-01-24,40.14365705416482
2023-01-25,42.104036824156985
2023-01-26,40.937426303385095
2023-01-27,40.98144758240359
2023-01-28,40.66185433365704
2023-01-29,42.24534264046259
2023-01-30,39.35014415506321
2023-01-31,41.484954869175205
2023-02-01,41.967950793668315
2023-02-02,40.49762270804079
2023-02-03,40.50426283229122
2023-02-04,40.04144488014222
2023-02-05,39.36771078271631
2023-02-06,39.716771109729365
2023-02-07,40.90863298155173
2023-02-08,38.90995465117548
2023-02-09,37.45528417139363
2023-02-10,39.37410142130426
2023-02-11,39.956882252685524
2023-02-12,39.29690237181613
2023-02-13,39.629630909342524
2023-02-14,40.66758567914238
2023-02-15,43.46774005087268
2023-02-16,39.44039381246304
2023-02-17,42.33043708621456
2023-02-18,40.60907566446035
2023-02-19,40.086533037890796
2023-02-20,41.302496421103754
2023-02-21,39.90839505992977
2023-02-22,40.26564998812486
2023-02-23,40.143469779932275
2023-02-24,39.01093792291528
2023-02-25,40.18190713676977
2023-02-26,41.011929467743194
2023-02-27,40.15526022165214
2023-02-28,39.72944039697727
2023-03-01,41.24046670655554
2023-03-02,40.00359099421422
2023-03-03,38.49570394669314
2023-03-04,40.06574057135685
2023-03-05,40.38584493121389
2023-03-06,40.33531776519531
2023-03-07,39.98384410687456
2023-03-08,39.36492728793069
2023-03-09,37.75064879540119
2023-03-10,39.76805427507804
2023-03-11,40.84697100531478
2023-03-12,43.59657835700284
2023-03-13,44.487068090711546
2023-03-14,42.90577332495594
2023-03-15,41.48919044892536
2023-03-16,43.72845418167442
2023-03-17,46.771060009033285
2023-03-18,43.0944302983678
2023-03-19,45.46544332312064
2023-03-20,43.90704016973274
2023-03-21,45.33516912228019
2023-03-22,42.92658442208908
2023-03-23,45.9613346883897
2023-03-24,43.136884913195544
2023-03-25,44.30247329269206
2023-03-26,45.21343532089446
2023-03-27,43.38666266895481
2023-03-28,44.82003395222568
2023-03-29,45.94498113728449
2023-03-30,44.22752104429832
2023-03-31,45.26930415127108
2023-04-01,44.48762496566139
2023-04-02,44.189161398140506
2023-04-03,43.97217087457813
2023-04-04,44.85477198602826
2023-04-05,44.09911568474112
2023-04-06,43.664996282755524
2023-04-07,43.91647758546258
2023-04-08,44.10844647246861
2023-04-09,44.81643481432166
2023-04-10,46.485145514716855
2023-04-11,46.00694542826996
2023-04-12,45.46592227609717
2023-04-13,46.03616367123002
2023-04-14,45.09552814277624
2023-04-15,44.17476634083531
2023-04-16,44.252350858107924
2023-04-17,42.661410637408686
2023-04-18,45.15964682170674
2023-04-19,41.794020193920225
2023-04-20,43.446949085827
2023-04-21,42.51773418097537
2023-04-22,44.90521761681721
2023-04-23,43.68721230127455
2023-04-24,43.97635873211859
2023-04-25,45.411221039843916
2023-04-26,44.67705287840774
2023-04-27,46.391016597041215
2023-04-28,45.04643919384908
2023-04-29,45.122655333101804
2023-04-30,45.14228827737409
2023-05-01,43.48270486946332
2023-05-02,45.72228475294165
2023-05-03,45.611233667756174
2023-05-04,44.871885134754734
2023-05-05,46.27686055419982
2023-05-06,44.086839040539594
2023-05-07,44.595341777476975
2023-05-08,43.68106997713434
2023-05-09,45.02448988468748
2023-05-10,44.97751667915909
2023-05-11,43.93398513088025
2023-05-12,44.61808226847926
2023-05-13,44.33142315615061
2023-05-14,44.69810760094237
2023-05-15,44.9093863079295
2023-05-16,44.3324607630178
2023-05-17,45.15052148338622
2023-05-18,43.84598957819873
2023-05-19,44.52798918715865
2023-05-20,44.83752676868586
2023-05-21,43.97196650090118
2023-05-22,44.66187682252811
2023-05-23,45.06076956742711
2023-05-24,43.03499717525404
2023-05-25,44.41546393850268
2023-05-26,44.72444030181624
2023-05-27,44.54765090603192
2023-05-28,46.37533532302512
2023-05-29,44.16962384231387
2023-05-30,44.617502615722714
2023-05-31,43.75200236964481
2023-06-01,43.75561581987156
2023-06-02,44.95379977408731
2023-06-03,43.87275269999498
2023-06-04,44.17670285962843
2023-06-05,41.910065776120604
2023-06-06,46.55966881105698
2023-06-07,43.27794120401379
2023-06-08,44.98689490724851
2023-06-09,44.694288714062395
2023-06-10,43.79241582080651
2023-06-11,45.8287679305808
2023-06-12,45.73116707060869
2023-06-13,45.90258331354581
2023-06-14,44.37849290986749
2023-06-15,46.68264586990137
2023-06-16,47.5092593056843
2023-06-17,46.744595950964765
2023-06-18,46.08400044894419
2023-06-19,47.27192974208583
2023-06-20,49.304781058772804
2023-06-21,50.2528459634204
2023-06-22,47.767954307139405
2023-06-23,49.35268152310171
2023-06-24,48.118392380037854
2023-06-25,48.339685526304564
2023-06-26,47.798163381391944
2023-06-27,49.01773383888756
2023-06-28,47.45945979302012
2023-06-29,49.25074929430482
2023-06-30,48.663656686232684
2023-07-01,48.037291304814836
2023-07-02,47.89938323508402
2023-07-03,48.5810833047839
2023-07-04,47.42293546917461
2023-07-05,47.47640235609216
2023-07-06,47.04909825471835
2023-07-07,48.72597367824805
2023-07-08,48.11226614461425
2023-07-09,47.945171987181865
2023-07-10,48.55084876778434
2023-07-11,48.46884706050953
2023-07-12,47.88464516600181
2023-07-13,49.83943331275517
2023-07-14,45.31945771323333
2023-07-15,46.756213217746655
2023-07-16,46.66895334370442
2023-07-17,46.70784007051647
2023-07-18,46.34873179785159
2023-07-19,46.83685173862333
2023-07-20,46.43405264202859
2023-07-21,46.70851309854746
2023-07-22,46.4167054635901
2023-07-23,47.327126152722705
2023-07-24,45.446873563470724
2023-07-25,46.6966065422588
2023-07-26,46.657524509468885
2023-07-27,46.21011248170833
2023-07-28,46.548184252483125
2023-07-29,46.37452243096737
2023-07-30,46.087994071966484
2023-07-31,46.350045327225885
2023-08-01,47.229542349371364
2023-08-02,45.66950957403974
2023-08-03,46.69616626891498
2023-08-04,46.71561820958988
2023-08-05,46.811428622524595
2023-08-06,46.76716345886558
2023-08-07,47.06525646180157
2023-08-08,47.93312252590981
2023-08-09,46.78952290015468
2023-08-10,46.71164217043556
2023-08-11,46.87383481695364
2023-08-12,46.94130309662131
2023-08-13,46.69004780420878
2023-08-14,47.10338316308834
2023-08-15,46.536101179122525
2023-08-16,46.38755839933595
2023-08-17,43.91286272243447
2023-08-18,45.79458671818266
2023-08-19,46.479854044896115
2023-08-20,46.403149185108475
2023-08-21,46.026764742108824
2023-08-22,46.23200235728885
2023-08-23,47.28303547696214
2023-08-24,46.02102884443488
2023-08-25,46.27705789409979
2023-08-26,46.32336408875066
2023-08-27,46.554896239805586
2023-08-28,46.395475125865296
2023-08-29,49.26946548880188
2023-08-30,46.35283949812947
2023-08-31,44.669230702391836
2023-09-01,46.2126799936923
2023-09-02,46.59951190804848
2023-09-03,46.661684245009475
2023-09-04,46.27930497863111
2023-09-05,46.41211651039181
2023-09-06,46.35980616930712
2023-09-07,47.241492118959016
2023-09-08,46.085165313860784
2023-09-09,46.47297524544481
2023-09-10,46.41996531305209
2023-09-11,45.55310389126749
2023-09-12,48.10792501168947
2023-09-13,47.77074018662326
2023-09-14,47.80417145064478
2023-09-15,47.42356094275178
2023-09-16,47.031011444131025
2023-09-17,46.999108193605295
2023-09-18,47.643018132006496
2023-09-19,48.024903196630504
2023-09-20,47.294073226296604
2023-09-21,46.53894078194309
2023-09-22,47.46123203360964
2023-09-23,47.359998436246435
2023-09-24,46.78283285547839
2023-09-25,47.34379893392605
2023-09-26,47.031717260031314
2023-09-27,47.38150096167005
2023-09-28,48.408892143672425
2023-09-29,47.11372818062894
2023-09-30,47.172177473201955
2023-10-01,48.83722395373808
2023-10-02,46.539373196884846
2023-10-03,47.388675183725766
2023-10-04,48.171060530687
2023-10-05,47.25874318937574
2023-10-06,48.82436423705094
2023-10-07,48.01039425078354
2023-10-08,48.06483663254435
2023-10-09,47.5233407663959
2023-10-10,48.12937971739705
2023-10-11,47.53930729246791
2023-10-12,47.87563353060627
2023-10-13,48.43950601040091
2023-10-14,48.16869682001439
2023-10-15,48.610478951738415
2023-10-16,50.665950081352605
2023-10-17,48.76380962850076
2023-10-18,49.11910781645935
2023-10-19,49.929263213126056
2023-10-20,51.07000920898719
2023-10-21,50.23924606949066
2023-10-22,49.732653435446345
2023-10-23,54.57413554241701
2023-10-24,51.871779205989675
2023-10-25,52.07296891707487
2023-10-26,50.993730863236195
2023-10-27,50.747383167325644
2023-10-28,51.4476799357549
2023-10-29,51.885187726190686
2023-10-30,51.176706850487875
2023-10-31,51.18685559704331
2023-11-01,52.06537127058994
2023-11-02,50.32939489956498
2023-11-03,50.64737176061024
2023-11-04,51.04755230148984
2023-11-05,50.36131048482959
2023-11-06,49.914785074939175
2023-11-07,50.00662131469643
2023-11-08,50.15846655291989
2023-11-09,51.4822073912118
2023-11-10,50.19525055641403
2023-11-11,49.366007447079
2023-11-12,49.34956184418486
2023-11-13,48.63969464807599
2023-11-14,48.036308898354925
2023-11-15,52.37603683171071
2023-11-16,47.35374672101027
2023-11-17,49.94438713996468
2023-11-18,49.623359759744076
2023-11-19,50.69251905283751
2023-11-20,49.76639494743259
2023-11-21,47.63023670901612
2023-11-22,52.02080709217297
2023-11-23,49.367902361635856
2023-11-24,50.011507493511246
2023-11-25,49.556498739370255
2023-11-26,48.902300198585394
2023-11-27,49.007026675021294
2023-11-28,50.34529462675689
2023-11-29,49.680601202607804
2023-11-30,49.61519675442903
2023-12-01,50.79026327377017
2023-12-02,50.79903782785276
2023-12-03,50.26590900768313
2023-12-04,52.314742510876165
2023-12-05,53.3583675763161
2023-12-06,51.02843216034002
2023-12-07,50.96006055687696
2023-12-08,51.50814760522402
2023-12-09,49.79249231026266
2023-12-10,50.21592102008896
2023-12-11,47.16961630758134
2023-12-12,49.93734299863603
2023-12-13,51.24576007356666
2023-12-14,50.17612030220873
2023-12-15,48.092968571488285
2023-12-16,50.15633825105781
2023-12-17,48.61736596760934
2023-12-18,51.10153954478969
2023-12-19,49.721309983699214
2023-12-20,51.61386842214563
2023-12-21,50.42997778668229
2023-12-22,49.7245612679605
2023-12-23,48.84686223230328
2023-12-24,48.04258735813253
2023-12-25,49.3186064709312
2023-12-26,47.252623090693405
2023-12-27,49.21102585297847
2023-12-28,46.95423922540948
2023-12-29,47.151167447765744
2023-12-30,47.744998780835026
2023-12-31,47.865573922576964
2024-01-01,50.163968690487195
2024-01-02,49.15024870396126
2024-01-03,46.545274468716585
2024-01-04,50.45040922684376
2024-01-05,49.05224231485513
2024-01-06,49.2706677844982
2024-01-07,49.773920728331014
2024-01-08,53.710061382219024
2024-01-09,49.910612214069815
2024-01-10,51.1929118834578
2024-01-11,48.96376667228351
2024-01-12,45.11999779339374
2024-01-13,47.842498580295164
2024-01-14,46.236971117258115
2024-01-15,48.1962550523366
2024-01-16,48.16251614824891
2024-01-17,47.145018993412116
2024-01-18,45.80872169150712
2024-01-19,47.712929686983564
2024-01-20,47.49506216433082
2024-01-21,47.33880897992598
2024-01-22,45.17550206922144
2024-01-23,47.90786429394907
2024-01-24,48.26540555836434
2024-01-25,47.81356354129003
2024-01-26,50.34507910715652
2024-01-27,48.8654740691206
2024-01-28,48.47282178535697
2024-01-29,50.052746950179625
2024-01-30,48.31333534617848
2024-01-31,48.362623720183166
2024-02-01,50.12810582972421
2024-02-02,49.13056757384388
2024-02-03,48.74947911511819
2024-02-04,48.895199117780145
2024-02-05,49.023414919559684
2024-02-06,49.31400635724495
2024-02-07,50.049618223414036
2024-02-08,49.86509617463903
2024-02-09,51.2236944962995
2024-02-10,50.22580751588348
2024-02-11,50.311898462460746
2024-02-12,51.71801641698415
2024-02-13,49.72299681925901
2024-02-14,52.03429602813361
2024-02-15,50.149361134491635
2024-02-16,49.93836639074946
2024-02-17,49.441621726914505
2024-02-18,50.23821809414972
2024-02-19,49.17496497766833
2024-02-20,49.389850048054726
2024-02-21,48.56980246032722
2024-02-22,48.56491568630804
2024-02-23,48.29211965842605
2024-02-24,49.621345447636386
2024-02-25,48.82517503480014
2024-02-26,50.871094714018895
2024-02-27,51.22652761249565
2024-02-28,54.45253451167107
2024-02-29,50.097495785450384
2024-03-01,51.741420983494145
2024-03-02,49.950996239145866
2024-03-03,50.475138832463216
2024-03-04,53.81501660420941
2024-03-05,47.42201980920316
2024-03-06,52.055389099894555
2024-03-07,50.169349762030436
2024-03-08,50.32411102244597
2024-03-09,49.634325394003575
2024-03-10,49.63130572665854
2024-03-11,51.72473722553782
2024-03-12,49.15381903110564
2024-03-13,50.73936010733847
2024-03-14,48.39766347044453
2024-03-15,47.92764062713667
2024-03-16,46.426429287232985
2024-03-17,51.685122570963536
2024-03-18,48.774877140987485
2024-03-19,45.68693895424577
2024-03-20,54.71447375090425
2024-03-21,48.079465204256934
2024-03-22,47.95759085094134
2024-03-23,49.53203638826678
2024-03-24,51.59604087008402
2024-03-25,51.482421092326256
2024-03-26,49.71623260288806
2024-03-27,49.24031692354019
2024-03-28,50.702736614287616
2024-03-29,49.22588957869573
2024-03-30,49.36817855291905
2024-03-31,50.85030926059703
2024-04-01,48.3188811158055
2024-04-02,46.79380144835992
2024-04-03,50.08702071647282
2024-04-04,51.680733617766016
2024-04-05,49.84876105411588
2024-04-06,51.173690503140094
2024-04-07,50.734529246802786
2024-04-08,51.752857465824974
2024-04-09,48.187805213258365
2024-04-10,51.09372499045782
2024-04-11,50.0973449931439
2024-04-12,48.3497674985777
2024-04-13,48.92950374539304
2024-04-14,53.858319399406305
2024-04-15,49.90226502700172
2024-04-16,51.824275920769715
2024-04-17,49.727299929574144
2024-04-18,53.30316835557398
2024-04-19,51.85427262831755
2024-04-20,52.50327530595179
2024-04-21,50.89893252869886
2024-04-22,52.60251630926195
2024-04-23,50.8587157969971
2024-04-24,49.1959588042614
2024-04-25,50.906294160160584
2024-04-26,50.13600810360385
2024-04-27,50.611616843335106
2024-04-28,50.06895041965254
2024-04-29,50.804108106290435
2024-04-30,48.17911537419127
2024-05-01,48.79670475907915
2024-05-02,50.48186253118077
2024-05-03,53.20395383236076
2024-05-04,51.35698709035139
2024-05-05,50.88766259408571
2024-05-06,49.98813196863596
2024-05-07,49.96093687006899
2024-05-08,49.79278512419796
2024-05-09,52.154154685277355
2024-05-10,48.917969226477474
2024-05-11,50.62463431326724
2024-05-12,51.14275812147368
2024-05-13,52.02601886499247
2024-05-14,50.226669486932686
2024-05-15,55.340633869764865
2024-05-16,51.12400497875246
2024-05-17,53.42297696861823
2024-05-18,51.68514209883105
2024-05-19,51.157612281702725
2024-05-20,55.90485182282767
2024-05-21,50.21522459537293
2024-05-22,49.64504759128422
2024-05-23,49.38278861235042
2024-05-24,50.391098718238304
2024-05-25,50.87855514131441
2024-05-26,49.810617828321746
2024-05-27,50.68035979033914
2024-05-28,49.093499569208745
2024-05-29,49.19051969374901
2024-05-30,50.479716592147405
2024-05-31,49.66925552124158
2024-06-01,50.12136258049408
2024-06-02,49.90563209924309
2024-06-03,50.83897826319177
2024-06-04,51.62400278409823
2024-06-05,50.754781134687285
2024-06-06,50.027025867798145
2024-06-07,49.3728403746871
2024-06-08,50.8366205161739
2024-06-09,51.38349197924762
2024-06-10,50.95057556579702
2024-06-11,49.82502511740357
2024-06-12,52.36810535197299
2024-06-13,50.24343830850717
2024-06-14,51.01146749621307
2024-06-15,51.63174116525152
2024-06-16,51.54417259809504
2024-06-17,50.974992309625655
2024-06-18,50.80389201257586
2024-06-19,51.732362514938565
2024-06-20,51.3069507886971
2024-06-21,50.93447640015315
2024-06-22,51.37955458641416
2024-06-23,50.52149799645136
2024-06-24,49.15477458917648
2024-06-25,51.8817774547627
2024-06-26,49.91711987444679
2024-06-27,51.21407503954166
2024-06-28,49.260348631061696
2024-06-29,50.87964141227036
2024-06-30,52.15248962500307
2024-07-01,51.02646354266138
2024-07-02,50.28703319384916
2024-07-03,49.05540043082772
2024-07-04,48.072793122654765
2024-07-05,50.91395860716273
2024-07-06,52.89440251777445
2024-07-07,48.911010090871315
2024-07-08,52.14786220287776
2024-07-09,52.17202682938418
2024-07-10,50.92948239354722
2024-07-11,50.505971699223
2024-07-12,51.311928039811384
2024-07-13,51.88329914200032
2024-07-14,52.23987127933524
2024-07-15,54.571666161754706
2024-07-16,51.37703227107219
2024-07-17,50.61824550515139
2024-07-18,51.18353910445903
2024-07-19,53.37249175966377
2024-07-20,51.932170522682256
2024-07-21,52.32675650122446
2024-07-22,51.16059197000632
2024-07-23,50.78479982150543
2024-07-24,51.17440770454048
2024-07-25,52.21733669956299
2024-07-26,54.45673328640969
2024-07-27,52.69043535312099
2024-07-28,53.12559914356706
2024-07-29,51.89803897548332
2024-07-30,52.0810881022205
2024-07-31,51.322239607551076
2024-08-01,52.93874466530918
2024-08-02,49.66286531726804
2024-08-03,52.21951762970129
2024-08-04,50.99916576286676
2024-08-05,49.72170111745198
2024-08-06,55.5187058159201
2024-08-07,52.60013461110189
2024-08-08,60.100905832428374
2024-08-09,53.4214017986978
2024-08-10,54.26868355071874
2024-08-11,52.126287539210246
2024-08-12,54.65159746653296
2024-08-13,54.430308316072654
2024-08-14,52.09540707141106
2024-08-15,52.18911541096537
2024-08-16,54.586847474768184
2024-08-17,54.36738437061798
2024-08-18,52.87418566450205
2024-08-19,54.36816403793707
2024-08-20,53.054873489651946
2024-08-21,55.32750810906683
2024-08-22,53.102543809558654
2024-08-23,56.62063840194552
2024-08-24,53.7132334485106
2024-08-25,53.67031380379821
2024-08-26,52.6702896572337
2024-08-27,51.10368868325609
2024-08-28,53.517967309653244
2024-08-29,53.91999719918966
2024-08-30,53.544685064512386
2024-08-31,53.58252252751752
2024-09-01,52.33647979400517
2024-09-02,55.59741220075395
2024-09-03,52.34422885338571
2024-09-04,54.527854478339655
2024-09-05,52.37539333665908
2024-09-06,51.645248002177546
2024-09-07,53.8490826761168
2024-09-08,54.0473844147259
2024-09-09,55.44379481312822
2024-09-10,54.212857334304665
2024-09-11,53.35709951798241
2024-09-12,54.55318278738166
2024-09-13,56.00435596063586
2024-09-14,53.67449906349654
2024-09-15,53.36751411021496
2024-09-16,53.50556083863574
2024-09-17,56.277203632098995
2024-09-18,56.015563984912056
2024-09-19,56.056887530055576
2024-09-20,54.97902375229787
2024-09-21,54.5060559775311
2024-09-22,54.18646482348858
2024-09-23,54.07720285164026
2024-09-24,54.60273955876869
2024-09-25,52.87790190363979
2024-09-26,55.561710355130955
2024-09-27,54.42157053603472
2024-09-28,53.73793685845799
2024-09-29,53.64957050406448
2024-09-30,51.9045158037626
2024-10-01,51.52855910620892
2024-10-02,53.64935031844061
2024-10-03,54.414211337506
2024-10-04,55.7111182693306
2024-10-05,54.366207676680034
2024-10-06,55.02901581279892
2024-10-07,53.80536250714296
2024-10-08,54.21310212791176
2024-10-09,52.8504836189027
2024-10-10,53.8415256067225
2024-10-11,55.85680777681492
2024-10-12,54.815220442914544
2024-10-13,53.82185921784131
2024-10-14,56.84094586820865
2024-10-15,55.066839647967534
2024-10-16,55.31006397988577
2024-10-17,54.92174689963877
2024-10-18,56.08475491580337
2024-10-19,55.09843237647868
2024-10-20,55.56769520403214
2024-10-21,53.33020129229943
2024-10-22,54.57331697531998
2024-10-23,53.97223135074327
2024-10-24,56.2310008678783
2024-10-25,54.01465559284024
2024-10-26,56.18402653900901
2024-10-27,56.3418250567062
2024-10-28,57.22456676513992
2024-10-29,58.17081818824833
2024-10-30,56.04847816733061
2024-10-31,54.63563046648289
2024-11-01,55.96090695211184
2024-11-02,56.21630224976243
2024-11-03,56.077594974142755
2024-11-04,56.024794805117665
2024-11-05,58.16547576606717
2024-11-06,61.97543471815481
2024-11-07,57.00290335329057
2024-11-08,56.59437149830566
2024-11-09,56.06948293091545
2024-11-10,57.666476255688984
2024-11-11,60.907270300886395
2024-11-12,55.690817875049994
2024-11-13,58.2215620048125
2024-11-14,55.336230256050214
2024-11-15,59.571796130412324
2024-11-16,56.947327648625766
2024-11-17,56.00459834659609
2024-11-18,56.89565949568234
2024-11-19,56.97149302728355
2024-11-20,57.83649844243956
2024-11-21,60.0509993174832
2024-11-22,57.433152332709525
2024-11-23,55.92501283188035
2024-11-24,55.693824762806365
2024-11-25,52.81836157967918
2024-11-26,54.21340483606646
2024-11-27,57.2616434083116
2024-11-28,54.22494020245342
2024-11-29,55.47481244924456
2024-11-30,53.574016214950525
2024-12-01,53.82915650839969
2024-12-02,52.275048354815645
2024-12-03,52.34984366635052
2024-12-04,53.146610172838415
2024-12-05,50.873666583294096
2024-12-06,53.280195780064474
2024-12-07,51.45705021085515
2024-12-08,51.89567727945186
2024-12-09,49.505351898050755
2024-12-10,52.6268907016526
2024-12-11,55.607718598543485
2024-12-12,52.3320707571848
2024-12-13,53.20886179115004
2024-12-14,52.52156991367094
2024-12-15,54.54956576055697
2024-12-16,54.18607716276834
2024-12-17,53.770209406512
2024-12-18,51.075856603826196
2024-12-19,53.103668177198415
2024-12-20,55.260392483003926
2024-12-21,54.3475535070853
2024-12-22,54.14396239705941
2024-12-23,54.87872864658855
2024-12-24,56.182620099447554
2024-12-25,54.64577975587065
2024-12-26,52.65916667021918
2024-12-27,53.8837169314369
2024-12-28,55.02681615053113
2024-12-29,53.142102364513754
2024-12-30,53.76596929001699
2024-12-31,54.51986202664788
2025-01-01,54.99603258837188
2025-01-02,55.391274876084495
2025-01-03,54.5954542511192
2025-01-04,53.23300247834049
2025-01-05,53.0597017732733
2025-01-06,55.20394870057912
2025-01-07,51.028079655556354
2025-01-08,53.277093745406546
2025-01-09,52.740443136242895
2025-01-10,55.62802684267406
2025-01-11,54.35080440010333
2025-01-12,54.0315273055459
2025-01-13,54.36904303528895
2025-01-14,56.06468840986165
2025-01-15,56.824563317923705
2025-01-16,53.557584306402404
2025-01-17,56.5563100819634
2025-01-18,54.28072904533345
2025-01-19,52.88191137252397
2025-01-20,55.83735285314594
2025-01-21,57.38364668314963
2025-01-22,54.161053844695616
2025-01-23,55.356998731022344
2025-01-24,55.64771640975955
2025-01-25,55.48696167057907
2025-01-26,54.37388848567129
2025-01-27,55.28526037649344
2025-01-28,55.324962889255914
2025-01-29,57.58760961557891
2025-01-30,57.085839246287726
2025-01-31,54.72146180764666
2025-02-01,54.53542543126117
2025-02-02,54.69066092275705
2025-02-03,59.78130285648784
2025-02-04,55.838670813857895
2025-02-05,57.40372822637402
2025-02-06,58.088105936540636
2025-02-07,58.68074945422232
2025-02-08,58.73556585582865
2025-02-09,58.369221889389564
2025-02-10,59.000372586475926
2025-02-11,57.331734204566075
2025-02-12,59.31902631442887
2025-02-13,56.97177121971426
2025-02-14,58.2346382423817
2025-02-15,57.4323583793524
2025-02-16,56.724812888166795
2025-02-17,57.097814652272525
2025-02-18,57.27876733351324
2025-02-19,58.71595981669378
2025-02-20,58.89047930836902
2025-02-21,56.67534032063869
2025-02-22,58.396475078942224
2025-02-23,57.49549047378611
2025-02-24,54.631157152730935
2025-02-25,56.957504130768775
2025-02-26,54.978206107810564
2025-02-27,57.7687616867651
2025-02-28,57.349867875665886
2025-03-01,58.84463297361413
2025-03-02,63.59957080071841
2025-03-03,52.32316735590351
2025-03-04,59.147332486199225
2025-03-05,60.478395199409675
2025-03-06,58.09007336126152
2025-03-07,56.4348896469591
2025-03-08,57.926600202201286
2025-03-09,54.42406372988396
2025-03-10,56.78867550673103
2025-03-11,62.01413694766696
2025-03-12,59.81864109070867
2025-03-13,57.455514426758526
2025-03-14,60.808953130970465
2025-03-15,59.1272730858005
2025-03-16,57.325993614515184
2025-03-17,59.79167409411868
2025-03-18,57.693728502999896
2025-03-19,61.35068553435475
2025-03-20,56.65406692705649
2025-03-21,58.24265160548507
2025-03-22,58.30536356558464
2025-03-23,59.86540412649637
2025-03-24,59.67707676026664
2025-03-25,58.44256357787668
2025-03-26,57.994454369511374
2025-03-27,58.85623846991736
2025-03-28,56.72967098858525
2025-03-29,57.6758613243721
2025-03-30,58.91352617659109
2025-03-31,59.31382135171663
2025-04-01,61.104908732468346
2025-04-02,57.589104172499376
2025-04-03,60.17370760904493
2025-04-04,60.32006421707972
2025-04-05,59.560014249343936
2025-04-06,56.01590948068
2025-04-07,61.19353553871295
2025-04-08,58.42956881922713
2025-04-09,65.35959764241713
2025-04-10,58.1362395541143
2025-04-11,63.14074216762846
2025-04-12,62.11356838577029
2025-04-13,59.25737318467525
2025-04-14,61.194044965981135
2025-04-15,60.08287993237479
2025-04-16,61.127359653439306
2025-04-17,61.558243815321475
2025-04-18,60.69644148957419
2025-04-19,61.270600435355874
2025-04-20,60.751724862018094
2025-04-21,62.502139096807575
2025-04-22,65.56534267363634
2025-04-23,61.65559598924124
2025-04-24,61.47340596086912
2025-04-25,61.827905242663796
2025-04-26,61.357577144767426
2025-04-27,60.570593654290306
2025-04-28,61.92095226670475
2025-04-29,60.81612438404207
2025-04-30,61.22513222291314
2025-05-01,62.81028696123572
2025-05-02,61.80021054151585
2025-05-03,60.98851362533105
2025-05-04,60.67350282734335
2025-05-05,61.91945623540346
2025-05-06,62.99433175050787
2025-05-07,62.31289928448388
2025-05-08,66.2273360105464
2025-05-09,61.20148011334905
2025-05-10,61.48698875769249
2025-05-11,59.176005705087
2025-05-12,59.184722871024434
2025-05-13,60.217069830825885
2025-05-14,58.5882609026073
2025-05-15,59.515015626963795
2025-05-16,59.99477218265371
2025-05-17,59.95418515304544
2025-05-18,62.4204206198991
2025-05-19,60.292677063874365
2025-05-20,61.423889978276215
2025-05-21,62.58882690085903
2025-05-22,62.23864376834969
2025-05-23,58.46378289067251
2025-05-24,61.2477745333406
2025-05-25,61.666186945802856
2025-05-26,61.3594478902191
2025-05-27,60.990918256598725
2025-05-28,60.09857298202148
2025-05-29,59.42611950682615
2025-05-30,59.61133905274569
2025-05-31,61.62339054231645
2025-06-01,61.86082962633742
2025-06-02,61.49559645713172
2025-06-03,60.88509527671451
2025-06-04,60.64840995976976
2025-06-05,59.214608271576594
2025-06-06,63.126432347075955
2025-06-07,62.32721709908942
2025-06-08,61.59906994860512
2025-06-09,64.08096614530771
2025-06-10,61.468867264409056
2025-06-11,60.05165359237621
2025-06-12,59.41797933602972
2025-06-13,61.264247230255485
2025-06-14,61.20177403745232
2025-06-15,61.78194220224176
2025-06-16,62.27357070177013
2025-06-17,60.39556977341236
2025-06-18,61.8544136623081
2025-06-19,61.61443717168555
2025-06-20,60.899120749726244
2025-06-21,61.38992230931649
2025-06-22,61.802088621600916
2025-06-23,65.50504886529353
2025-06-24,62.52319846188118
2025-06-25,62.95122356580518
2025-06-26,62.40312678367229
2025-06-27,62.9343165866743
2025-06-28,62.83954656114834
2025-06-29,63.0796727873325
2025-06-30,61.55847526057177
2025-07-01,61.283909430064774
2025-07-02,64.28990404449603
2025-07-03,62.6513160513031
2025-07-04,62.01809309800193
2025-07-05,63.26660188701191
2025-07-06,63.727154317365084
2025-07-07,62.45152851504921
2025-07-08,63.36849781091588
2025-07-09,64.36446471900128
2025-07-10,65.31795815389799
2025-07-11,63.41550531990327
2025-07-12,62.45008146967679
2025-07-13,63.49727213030014
2025-07-14,62.924078371067395
2025-07-15,61.35556855044707
2025-07-16,62.167765590358655
2025-07-17,61.264769002196374
2025-07-18,59.562522706103785
2025-07-19,59.830230438024834
2025-07-20,59.28335256752224
2025-07-21,58.8468266494231
2025-07-22,59.796012249810005
2025-07-23,58.34268298055301
2025-07-24,59.70582529903141
2025-07-25,59.50689036901369
2025-07-26,59.60281934142672
2025-07-27,60.13033403295921
2025-07-28,58.32525971159595
2025-07-29,59.45564000151975
2025-07-30,59.48680626875685
2025-07-31,58.58723528296967
2025-08-01,58.51942007485107
2025-08-02,59.65401390881687
2025-08-03,61.4442175721285
2025-08-04,60.64108302779445
2025-08-05,59.02037754195029
2025-08-06,60.333528413075854
2025-08-07,60.98963406276388
2025-08-08,58.63633409029858
2025-08-09,58.45537891896584
2025-08-10,59.25628788201948
2025-08-11,58.18683913496999
2025-08-12,59.46069081005911
2025-08-13,59.26686527197106
2025-08-14,55.35083715909466
2025-08-15,57.219854615127815
2025-08-16,57.849945944344604
2025-08-17,57.66667169144496
2025-08-18,56.8195375652566
2025-08-19,56.11134142321359
2025-08-20,58.85283237710046
2025-08-21,56.46442045813579
2025-08-22,59.828623967222974
2025-08-23,55.71039942754573
2025-08-24,55.36808501009802
2025-08-25,54.344903080215424
2025-08-26,57.70212348716227
2025-08-27,56.007025410700194
2025-08-28,57.08322413076026
2025-08-29,54.27597435768663
2025-08-30,56.40595913898891
2025-08-31,55.89836001678618
2025-09-01,56.69193266467949
2025-09-02,57.64956993575699
2025-09-03,56.74584775292235
2025-09-04,55.7836714994751
2025-09-05,56.63256485917801
2025-09-06,56.252874950150165
2025-09-07,56.961959561749055
2025-09-08,56.77895659167355
2025-09-09,55.92753849246126
2025-09-10,57.26930085137688
2025-09-11,56.975793844437916
2025-09-12,56.41009929011732
2025-09-13,55.39524684549054
2025-09-14,55.098576870653716
2025-09-15,55.654717472380085
2025-09-16,56.7028624575247
2025-09-17,55.95838171423534
2025-09-18,55.87699777783435
2025-09-19,54.89150063865833
2025-09-20,55.898735679262714
2025-09-21,55.50027195036774
2025-09-22,54.54788288102673
2025-09-23,55.96505032238971
2025-09-24,56.97280226081867
2025-09-25,54.373056449023075
2025-09-26,57.272960798709725
2025-09-27,56.33520541721363
2025-09-28,57.64238282284212
2025-09-29,57.52875231412254
2025-09-30,56.49673772012105
2025-10-01,59.20742244161295
2025-10-02,57.934997756280474
2025-10-03,57.392720703894206
2025-10-04,56.75954515740865
2025-10-05,57.55586235109098
2025-10-06,57.76259697574405
2025-10-07,55.27626360973555
2025-10-08,57.75161646624992
2025-10-09,56.12639785137992
2025-10-10,53.22480132637713
2025-10-11,57.355723965072954
2025-10-12,60.607170506418825
2025-10-13,57.3957884515804
2025-10-14,55.80076497292513
2025-10-15,55.918121085694125
2025-10-16,55.964809757852215
2025-10-17,56.389062743479876
2025-10-18,57.80616487293456
2025-10-19,57.98306731223679
2025-10-20,58.19521493110936
2025-10-21,56.3781945840674
2025-10-22,57.152542463992425
2025-10-23,58.98058310875609
2025-10-24,58.40894305231661
2025-10-25,58.16213074797931
2025-10-26,59.22111843608246
2025-10-27,57.42982960475773
2025-10-28,57.15026851991865
2025-10-29,56.50821747547779
2025-10-30,56.638680637244185
2025-10-31,58.73192714038596
2025-11-01,58.1343923323022
2025-11-02,58.117488079712565
2025-11-03,55.712410828721104
2025-11-04,55.97103781549493
2025-11-05,60.00706016651974
2025-11-06,56.8940148271943
2025-11-07,59.563911065770036
2025-11-08,57.1429719371126
2025-11-09,59.11493953502818
2025-11-10,58.40300621665014
2025-11-11,56.06126523150484
2025-11-12,57.16355333235138
2025-11-13,56.53236225711182
2025-11-14,54.82296008018811
2025-11-15,57.92651419616096
2025-11-16,56.39384235814856
2025-11-17,55.976850771999274
2025-11-18,57.73604506603542
2025-11-19,55.8442815641193
2025-11-20,53.932310814965675
2025-11-21,55.606171796770155
2025-11-22,56.49502456573183
2025-11-23,58.14297217307245
2025-11-24,57.95095053362848
2025-11-25,55.939222315675174
2025-11-26,58.31284632071237
2025-11-27,57.18435050590072
2025-11-28,56.75278446247106
2025-11-29,56.94616474145877
2025-11-30,56.875104900606196
2025-12-01,54.56274775212432
2025-12-02,60.43948708536343
2025-12-03,58.65028473693539
2025-12-04,56.23495602894625
2025-12-05,55.48829127034682
2025-12-06,56.962093386139415
2025-12-07,57.66892342974214
2025-12-08,57.38464430882762
2025-12-09,58.240393378232454
2025-12-10,56.40995477378525
2025-12-11,57.04371012109558
2025-12-12,55.743257407827954
2025-12-13,57.10171779641534
2025-12-14,55.52464492199686
2025-12-15,55.59107479025657
2025-12-16,57.67094150433052
2025-12-17,55.97223562423136
2025-12-18,56.91126205638852
2025-12-19,59.25436361223375
2025-12-20,57.448961442914324
2025-12-21,57.45128768711785
2025-12-22,57.23555146251304
2025-12-23,56.60835264509142
2025-12-24,57.4555495896247
2025-12-25,57.212117028357525
2025-12-26,57.711381715554076
2025-12-27,57.83733452561089
2025-12-28,57.3213620214747
2025-12-29,56.82447306628748
2025-12-30,58.13578054343422
2025-12-31,56.84467214623425
2026-01-01,58.14465301608453
2026-01-02,58.127590805299114
2026-01-03,57.342539975667194
2026-01-04,57.47015410306832
2026-01-05,58.42592538295446
2026-01-06,56.77248637121676
2026-01-07,55.166746180440605
2026-01-08,56.53990588005611
2026-01-09,56.576601537535765
2026-01-10,56.8272349965404
2026-01-11,57.18423246715639
2026-01-12,57.09256815434461
2026-01-13,59.664904952316725
2026-01-14,58.01217070398545
2026-01-15,56.570298657526294
2026-01-16,57.439237228754834
2026-01-17,57.194397100171855
2026-01-18,56.45853186180868
2026-01-19,56.66463019342911
2026-01-20,54.82602476831568
2026-01-21,58.15715372649315
2026-01-22,57.48597570740432
2026-01-23,57.5561278237365
2026-01-24,57.27632831011341
2026-01-25,55.8022098716769
2026-01-26,58.67768195709725
2026-01-27,57.94311994632205
2026-01-28,57.27523375397631
2026-01-29,54.364693490444814
2026-01-30,56.78453386043284
2026-01-31,53.70234994627891
2026-02-01,56.08708379003866
2026-02-02,58.847912914668946
2026-02-03,55.373196073464015
2026-02-04,55.2804097356108
2026-02-05,49.04203031167857
2026-02-06,63.12102052861955
2026-02-07,55.96618895825407
2026-02-08,57.351183955639605
2026-02-09,56.89197404535179
2026-02-10,55.83507561397047
2026-02-11,55.454759029636456
2026-02-12,56.082031648149425
2026-02-13,58.62380035965942
2026-02-14,57.41070686147819
2026-02-15,55.574331795286454
2026-02-16,56.76627195798627
2026-02-17,55.39801588690032
2026-02-18,55.255141412424805
2026-02-19,56.613473021595325
2026-02-20,57.26931496334762
2026-02-21,56.464395563740325
2026-02-22,56.178114637981366
2026-02-23,54.06494279149145
2026-02-24,55.711608078493434
2026-02-25,59.40458760131696
2026-02-26,55.70243296908535
2026-02-27,54.82613367095088
2026-02-28,57.0766377950249
2026-03-01,55.233207116153274
2026-03-02,58.68351048619525
2026-03-03,56.21601065307574
2026-03-04,60.31806818317305
2026-03-05,55.90168101537915
2026-03-06,54.902933648150096
2026-03-07,55.92548549620191
2026-03-08,55.38998044845991
2026-03-09,58.323641115830526
2026-03-10,57.91190508275159
2026-03-11,57.124205053742905
2026-03-12,57.13440086823378
2026-03-13,57.23385309167456
2026-03-14,57.054983991090204
2026-03-15,58.156904340145644
2026-03-16,58.563672570523075
2026-03-17,56.04716430068907
2026-03-18,54.62501053629948
2026-03-19,55.36406687579601
2026-03-20,56.84470540946346
2026-03-21,55.06901171332142
2026-03-22,55.59239520092783
2026-03-23,58.686023634817865
2026-03-24,56.322627429366854
2026-03-25,57.11304605177722
2026-03-26,54.58986804069572
2026-03-27,54.44168514659391
2026-03-28,56.037693292582865
2026-03-29,55.684462816819625
2026-03-30,56.614641203606475
2026-03-31,57.38542253484892
2026-04-01,56.160274164708014
2026-04-02,55.1798156896151
2026-04-03,55.99222756312122
2026-04-04,56.44050493373874
2026-04-05,57.60836606125912
2026-04-06,56.495727398225526
2026-04-07,59.179464941673885
2026-04-08,56.18003990191318
2026-04-09,57.50005235220844
2026-04-10,58.06271570093931
2026-04-11,57.3163582940264
2026-04-12,55.357240084490364
2026-04-13,59.891960681676636
2026-04-14,56.963841462980604
2026-04-15,57.794253463480175
2026-04-16,57.55784881825535
2026-04-17,58.46263374640871
2026-04-18,56.25814258090808
2026-04-19,56.008151161519116
2026-04-20,58.91551597395751
2026-04-21,57.99224997785615
2026-04-22,59.043916061057814
2026-04-23,58.13080161689669
2026-04-24,57.56687096029047
2026-04-25,58.20078983990634
2026-04-26,58.92473489258108
2026-04-27,57.27710415459802
2026-04-28,57.425732815542354
2026-04-29,57.538846709698355
2026-04-30,58.422816668075825
2026-05-01,59.57376294665938
